Id,Name,Type,Address
5e8c1a9f-8e73-46cf-ba15-43c06ce204c8,스타벅스 논현6호점,스타벅스,부산시 송파구 15길 41
b4375da9-a684-4fad-a229-949064f42221,투썸 암사1호점,투썸,고양시 종로구 35길 26
125e8ff1-50f6-46fb-b640-b861aa3338b9,이디야 구의6호점,이디야,성남시 성북구 19길 37
ae8515ea-f783-408e-8c9d-22ea894afeb6,스타벅스 송중9호점,스타벅스,천안시 중랑구 1길 37
ca079569-ee15-4f6f-8113-e264970d52dc,투썸 강일5호점,투썸,부산시 강서구 6길 11
46cd14de-8ba2-4bee-b3be-b112841e27c6,투썸 문정4호점,투썸,성남시 강북구 50길 22
e720b40b-f11f-40c8-8824-630429d2d0eb,이디야 강일5호점,이디야,파주시 동대문구 7길 21
a9b4dc61-a83e-4a6e-afd0-2dcf0b8c81ba,투썸 반포8호점,투썸,김포시 중랑구 19길 17
4f1b3b8b-98ba-4c3f-9ee4-ff899e51b0d7,이디야 가락9호점,이디야,원주시 구로구 7길 10
799689e4-8a97-4d40-af5e-c7af241108ea,스타벅스 마천3호점,스타벅스,울산시 은평구 18길 16
becfeb5b-46b8-4f71-909f-4cfd69e4715e,커피빈 능동8호점,커피빈,성남시 도봉구 33길 30
b1ff422b-f882-4673-a02a-dfacfeb2e9ed,커피빈 홍대2호점,커피빈,원주시 동작구 2길 9
7f03592e-b583-494e-ba3d-9023186d4473,이디야 대방10호점,이디야,제주시 영등포구 34길 44
a80aee19-b75a-4a3c-9167-e7cef0238bb0,투썸 압구정4호점,투썸,김포시 서초구 35길 42
2198a87b-2ccd-4302-87b2-8997eec38e4b,이디야 구로3호점,이디야,울산시 송파구 23길 37
74cb9cab-eee5-43ae-bc7c-93edf0193144,스타벅스 내곡7호점,스타벅스,인천시 강북구 7길 24
2bfccacb-ef7a-4ace-8d2e-2bfd018a5d2c,투썸 왕십리1호점,투썸,파주시 중구 49길 20
c241b1fd-6f6f-4677-97a2-b52ef9e66a74,투썸 구로8호점,투썸,전주시 동대문구 31길 43
34fb1040-300c-4c5d-82c8-26c4b6a70061,스타벅스 잠실1호점,스타벅스,광주시 동대문구 15길 31
6925aed2-b3b0-4cd5-9547-a59680411588,스타벅스 미아4호점,스타벅스,제주시 강남구 19길 34
3cf55303-e6ef-4926-baa5-f94ba6d26521,이디야 양재4호점,이디야,인천시 도봉구 42길 23
47388927-787b-4910-8b24-6b45e3f79a04,이디야 삼각산3호점,이디야,안산시 중랑구 19길 40
c3a7c596-8f34-4d0e-9661-cc6217fae6f9,스타벅스 구로5호점,스타벅스,안양시 강동구 46길 23
ba86cdf0-ce1e-4e2c-8fba-9ba90b0bf6a7,커피빈 마천5호점,커피빈,파주시 중랑구 32길 27
19caed7c-772a-48cf-9f16-5cb282ab3c51,스타벅스 오륜5호점,스타벅스,수원시 은평구 19길 12
5eb42ff1-65ca-478b-9e86-6a29c0bc37bd,투썸 풍납5호점,투썸,파주시 관악구 19길 20
6839c35e-a619-4115-9cac-a0300e6c2edd,커피빈 행당1호점,커피빈,울산시 성북구 1길 30
8df49e3c-a9d8-478f-b358-9fe16323d261,커피빈 길동4호점,커피빈,부천시 서대문구 11길 24
ae5a6ab5-a073-4771-92c6-0359241ca599,스타벅스 고척4호점,스타벅스,전주시 종로구 25길 6
8efc71df-54f3-4c1b-a829-9092f450ddf2,투썸 잠실5호점,투썸,천안시 종로구 44길 14
b327b1b3-2b06-45b5-8e0a-de032c97bfee,스타벅스 능동6호점,스타벅스,전주시 영등포구 10길 25
cad027ce-b359-48a3-8093-ec7f1068f433,투썸 노량진5호점,투썸,안양시 서초구 48길 7
19fef7a8-f5e7-4d59-a17c-45eadb5abde3,커피빈 양재5호점,커피빈,성남시 강북구 14길 24
bb76a9cd-73de-4f94-bb9f-3543c6c9af26,커피빈 잠원9호점,커피빈,울산시 강남구 46길 26
7bbcae48-e89a-49ca-9e4e-802e2405fff4,커피빈 내곡4호점,커피빈,인천시 종로구 1길 10
9e322f71-eb4f-4b42-a3dc-2902103c2b56,커피빈 역삼5호점,커피빈,김포시 강남구 18길 19
c6e93329-3c60-445e-afab-ad47105ff03c,투썸 구의3호점,투썸,성남시 관악구 29길 32
506a4620-f3b2-4206-856f-3780c68f27cf,커피빈 번제3호점,커피빈,양산시 노원구 44길 29
dd372058-3d9d-4570-9cae-6b15dbd4a984,이디야 송천7호점,이디야,구미시 중랑구 17길 20
981eadf4-8b49-4a0a-92d4-525e14903c63,이디야 오금3호점,이디야,전주시 강북구 36길 14
36ea96f9-a951-4ed8-947c-7effa45c8e25,투썸 성내6호점,투썸,시흥시 강동구 36길 16
4242117c-d843-47f4-86c3-af3cca04260e,스타벅스 양재1호점,스타벅스,울산시 구로구 43길 13
a6a3a924-6247-4978-af07-5bb3f6a9f629,이디야 송천10호점,이디야,제주시 강북구 43길 50
624ff6ba-41d6-461f-8886-9622a5ebbe18,커피빈 풍납1호점,커피빈,안양시 금천구 12길 42
8723a457-c448-40bc-b104-5c7908baef2a,이디야 군자2호점,이디야,부산시 송파구 20길 34
51e39dba-839b-4ee6-9763-e0b766521e8a,스타벅스 압구정2호점,스타벅스,부천시 금천구 22길 14
721919d6-f0f5-406c-8084-157b2309c0d2,커피빈 용답10호점,커피빈,광주시 강동구 16길 32
285247c8-19d2-4a27-9e69-baf5b9bc5d5f,투썸 반포1호점,투썸,시흥시 강서구 27길 29
c2baff72-3fcd-4372-9577-8e3e644f7f3f,투썸 명일3호점,투썸,안양시 중랑구 34길 44
6b674dd1-be1b-4d61-8fe8-1d23f3bc6b60,스타벅스 내곡10호점,스타벅스,울산시 광진구 39길 21
67379eb5-76bd-4aa4-8887-8cbf9d6ed412,스타벅스 군자5호점,스타벅스,창원시 영등포구 41길 49
9344a7f5-2a08-4913-8e00-d3886adffe94,이디야 대방3호점,이디야,제주시 양천구 6길 47
0f4609ed-2a0a-4b07-a103-b9799e8c3851,이디야 잠실4호점,이디야,울산시 영등포구 14길 21
697d650c-2949-403f-9bde-8250cc8e05a2,투썸 용답8호점,투썸,수원시 노원구 46길 19
ca3e2bb8-1dca-40aa-88f9-116d91c54306,커피빈 성내8호점,커피빈,전주시 서대문구 39길 21
a4fa0916-b5b0-4807-9142-8edc3630833b,이디야 마천1호점,이디야,서울시 강동구 41길 11
a70fd763-ee01-4c22-b1f1-1d8771fa6383,스타벅스 풍납10호점,스타벅스,구미시 종로구 47길 47
b99837ec-1c84-40a1-8af2-9139d32d2793,투썸 능동10호점,투썸,창원시 마포구 36길 29
6f0dc204-508e-468d-a1f6-5b7db723858c,이디야 잠실4호점,이디야,서울시 은평구 48길 31
f6a182dd-dd23-46af-9bf5-8a7076d64fc5,이디야 내곡4호점,이디야,부천시 서대문구 47길 18
caef11d5-2a35-4c8f-a651-7c7b07e0b592,커피빈 내곡2호점,커피빈,파주시 강서구 11길 40
a4bb9f84-91c2-459b-a78a-ea06888b8e61,스타벅스 명일7호점,스타벅스,인천시 강서구 41길 3
4f36f6a9-80fd-46c0-900c-9cd080bf1122,투썸 홍대9호점,투썸,의정부시 성동구 27길 3
2441ae27-5145-439e-a956-38d17f11297f,스타벅스 압구정1호점,스타벅스,청주시 송파구 13길 23
9cc3f07b-7ab8-4642-acd7-f77bd4a97479,투썸 구로6호점,투썸,전주시 강서구 14길 48
1e144e1b-ccd4-45d4-a012-5078c3ffec9a,이디야 천호6호점,이디야,평택시 중구 42길 10
537dd37a-0e14-40cf-af01-e94c60775672,이디야 노량진8호점,이디야,인천시 강동구 42길 24
b1e941c8-280a-4bab-8d9c-e4cf954d76f4,투썸 양재8호점,투썸,창원시 동작구 25길 23
788a1d25-0a32-46db-a9fd-332b23a1922c,투썸 군자8호점,투썸,시흥시 강북구 42길 49
23a97ac2-ebbd-43cf-8ea2-19ccde235d33,스타벅스 논현4호점,스타벅스,김포시 강북구 15길 42
dc931f79-4be1-493f-b770-bae1083cc7f0,투썸 성수4호점,투썸,서울시 서초구 27길 25
0b690278-6ac5-4d48-bb7f-6528884ec677,커피빈 삼양1호점,커피빈,광주시 용산구 20길 28
4b61cfed-8725-448b-bbe0-47a1ed2efb8c,커피빈 송천5호점,커피빈,성남시 은평구 8길 44
36c84d40-0029-43d0-8e70-d68368e88d60,이디야 화양9호점,이디야,인천시 서초구 45길 29
011ed528-d867-4cba-a624-05c3882175fe,이디야 중곡7호점,이디야,고양시 관악구 36길 2
406948a2-3e16-438a-b0c0-286ed08742a0,투썸 가락9호점,투썸,인천시 성북구 15길 16
86bc25f0-c4ab-4bb4-b82b-4130b634d919,커피빈 가락4호점,커피빈,울산시 성북구 7길 8
62f4d9ed-3d47-4ef2-88b7-4dafdee7e69e,이디야 신사3호점,이디야,평택시 서대문구 42길 40
7df76058-4fab-4ed6-bb4e-de6a965c4f6a,커피빈 삼양4호점,커피빈,의정부시 성북구 12길 35
1e1ada9a-8440-4437-8dc0-22f865526e73,스타벅스 능동8호점,스타벅스,대전시 은평구 17길 24
b4cb7ae6-769d-4c8e-9670-fb804815ca26,투썸 삼성10호점,투썸,안산시 노원구 31길 40
80a1ca4f-3bc2-44df-a960-740a0941bfe3,투썸 가락6호점,투썸,광주시 관악구 11길 25
1b409cf4-97cc-4117-ba40-ec4296bb0a69,스타벅스 길동2호점,스타벅스,용인시 용산구 5길 40
afd60ac3-7dd3-4a1a-ac94-8634f10c524c,이디야 상일10호점,이디야,양산시 강북구 39길 14
83f19f27-a264-4652-b4a0-ea0f8e7b7fa5,스타벅스 오륜7호점,스타벅스,화성시 광진구 22길 7
313d1c3d-c564-404d-aeb1-959cc9d54d02,스타벅스 천호4호점,스타벅스,김해시 금천구 27길 21
b5ee4de4-8122-4114-a6ed-6f5f4013ce70,투썸 가락7호점,투썸,제주시 송파구 30길 4
62356832-1157-4388-85ac-2cbb8189a05a,투썸 송천6호점,투썸,용인시 종로구 14길 28
79da516e-29c6-4281-b835-de11b8160726,이디야 암사2호점,이디야,부천시 용산구 19길 2
32df78c2-9026-4476-a19c-8b552f634eae,투썸 길동4호점,투썸,포항시 관악구 46길 14
4b74d130-e38b-474e-a12a-037ae4c615b6,이디야 잠원2호점,이디야,서울시 중구 20길 47
dfbafaf7-01af-4767-ae62-0fdf4d925992,커피빈 반포4호점,커피빈,시흥시 중구 42길 9
a4a2da8e-5188-43f9-b72c-b615f35ca12e,투썸 천호3호점,투썸,시흥시 성북구 47길 47
c17e04b2-ef46-4865-b661-13dd39d6bcd7,커피빈 마천10호점,커피빈,울산시 양천구 5길 8
caf22fd7-8c60-4692-988f-29f124d0def5,이디야 길동9호점,이디야,안양시 노원구 22길 47
36defcbc-95ff-4f69-9098-0b173ef5c8f4,투썸 건대1호점,투썸,양산시 강동구 33길 4
b5d29905-5708-46ab-b55d-ae2481dde0e4,스타벅스 논현5호점,스타벅스,의정부시 강서구 32길 42
0e04bc2f-d787-437e-ad4f-d9df9bb4e605,투썸 이대9호점,투썸,용인시 종로구 47길 49
523351a5-ec30-443a-85f2-a7541e2603bf,커피빈 용답8호점,커피빈,전주시 도봉구 18길 32
6e97ba82-6532-4b44-8d22-ac4025b9a350,투썸 화양5호점,투썸,파주시 강서구 17길 8
408c50ae-915d-483b-9965-e54fac1a5c14,스타벅스 문정8호점,스타벅스,제주시 구로구 44길 36
c359280f-7e94-4298-86c1-806b2d33602e,커피빈 행당2호점,커피빈,안산시 서초구 20길 5
6702a499-454b-4c36-a2ff-efa47dbc9286,스타벅스 번제3호점,스타벅스,인천시 은평구 1길 1
ef071dfd-5b9e-41f0-9127-dd88216610b3,이디야 수유2호점,이디야,화성시 중구 39길 20
8a1808b6-0f88-49d8-abe1-d17822ee3fbd,스타벅스 오륜2호점,스타벅스,의정부시 노원구 13길 36
7030863b-7bd5-4ce3-874e-a14b2f4469e0,커피빈 논현2호점,커피빈,평택시 중구 34길 3
c61f8fa3-65ea-4eac-b2ef-348909c29873,스타벅스 역삼7호점,스타벅스,남양주시 중랑구 3길 24
1f5fc526-7408-49a1-b200-8da37b0216a0,스타벅스 논현5호점,스타벅스,인천시 동작구 17길 2
be4f25b3-d52e-42cf-b038-b709527de2c8,투썸 방배9호점,투썸,제주시 마포구 37길 37
02603d05-be20-4afd-9fa7-f5a4dd6ed94d,커피빈 명일2호점,커피빈,의정부시 강북구 1길 33
73048c61-6359-4639-a02b-fa005da1d590,투썸 오금4호점,투썸,성남시 관악구 11길 1
09001623-2726-431f-b4d4-f98c3e9a60a5,투썸 구의8호점,투썸,화성시 용산구 14길 39
d4f2e797-63ba-4b41-a50b-1d6baa37db89,커피빈 신사7호점,커피빈,광주시 송파구 8길 32
2bbed83b-d4b2-4c94-acab-ead9a08bc217,스타벅스 금호8호점,스타벅스,원주시 동대문구 20길 14
6dc9279b-c02c-4e02-9051-2b05a3396be8,스타벅스 송천2호점,스타벅스,시흥시 용산구 27길 39
4806ce33-e131-409c-801b-099b2f6a8618,커피빈 구로2호점,커피빈,인천시 금천구 9길 8
4f677d2d-b128-4da1-be5a-5aa01d8dbd8f,투썸 잠원7호점,투썸,전주시 강북구 17길 6
5f4b8e65-7507-417d-b422-5081f1d16a74,투썸 행당4호점,투썸,서울시 영등포구 38길 46
66f17bef-0a40-4007-967a-455f05679d89,투썸 용답1호점,투썸,수원시 용산구 22길 27
f3931300-85d8-482a-b1bf-3b482920802f,스타벅스 삼각산8호점,스타벅스,인천시 도봉구 38길 5
64a159cf-dd37-4a50-81f3-445c0391134f,스타벅스 옥수5호점,스타벅스,안양시 마포구 26길 46
a06ae0dd-f130-4e65-8836-5ab09e367891,투썸 성내9호점,투썸,김포시 서초구 28길 26
a8cca010-e968-4870-821d-afaea9635f24,이디야 중곡5호점,이디야,양산시 강서구 16길 20
edb7a85a-581b-4ea7-8002-68227f93dd41,스타벅스 왕십리9호점,스타벅스,고양시 강남구 39길 20
d9387b9f-c340-4786-917f-eea4e3cacbfd,커피빈 오금3호점,커피빈,고양시 서대문구 24길 6
e66f62fa-5779-4dc7-81ef-2260e9e3f8cc,투썸 구로6호점,투썸,안양시 서초구 39길 2
e9035b61-62e8-46f6-bd4b-10a7a749287d,투썸 수유10호점,투썸,시흥시 강동구 30길 25
022a306d-bdcb-404c-9bd5-d99cd670a738,이디야 강일10호점,이디야,의정부시 동작구 23길 22
46fcd0d0-f7b6-4670-af1e-be99910f5c1a,이디야 역삼7호점,이디야,원주시 영등포구 17길 9
f4ec1638-82d7-4e7c-9d86-edce2f9a3e63,스타벅스 삼성8호점,스타벅스,포항시 중구 13길 28
10d062dd-c8da-45d3-9d48-bb416f8846b4,투썸 미아9호점,투썸,양산시 강서구 29길 4
57a6e966-17c7-435b-b3c6-7f3ae5b66ba6,이디야 길동10호점,이디야,천안시 성동구 43길 42
87e5bdec-6a13-4f83-b0e2-97e708db5d18,커피빈 구의7호점,커피빈,원주시 성북구 11길 47
c4e6976c-4182-4013-8de3-78cd56c9e6e7,이디야 길동3호점,이디야,평택시 성동구 5길 28
92f0c802-7dca-49d7-8724-09217601fbc5,이디야 둔촌7호점,이디야,구미시 영등포구 18길 15
42343878-5cf6-4b99-a4fa-53ce527ea93f,투썸 풍납8호점,투썸,시흥시 동대문구 9길 15
5ff95560-bbfa-4e67-a13f-ac967ef1f5a1,이디야 오륜9호점,이디야,부천시 동대문구 46길 37
ac275de8-4646-43fe-9931-d4c387f588c8,투썸 고덕6호점,투썸,고양시 양천구 9길 38
398b617e-cf99-4803-8016-e5ab6cda15e6,투썸 능동4호점,투썸,평택시 강북구 33길 4
e4d2a361-7457-4915-88ea-9beba9f458f6,투썸 대치9호점,투썸,인천시 강남구 19길 25
6da79032-424c-4b1b-9ef5-9e4ff5ed5bb9,이디야 행당6호점,이디야,김해시 영등포구 10길 11
2395889c-b169-4aec-a321-171cb7421150,투썸 중곡6호점,투썸,김해시 은평구 34길 9
8c4876db-2d0d-4844-a50f-489514a1eb98,투썸 구로4호점,투썸,화성시 강서구 25길 40
3f62380a-97a1-46b0-904d-894f62dfc0f0,이디야 강일3호점,이디야,광주시 관악구 31길 11
4edf73b1-814c-48ce-ab99-836bad728d98,투썸 건대4호점,투썸,안산시 동작구 31길 3
5ef79725-2535-42a8-809d-48d4231615ad,커피빈 삼성1호점,커피빈,대전시 성동구 15길 49
0b6c044f-cb76-49f7-984e-257149d712ae,투썸 수유7호점,투썸,전주시 서초구 38길 25
d18ab00f-f239-4191-8bb8-557b52dfb1c9,스타벅스 삼각산3호점,스타벅스,창원시 은평구 30길 39
06bd7cea-28eb-4df1-adb0-8d96a083b61c,커피빈 수유9호점,커피빈,대구시 성북구 38길 4
5b317ec3-1edc-4a63-9a49-180128b8439d,커피빈 삼각산6호점,커피빈,용인시 관악구 48길 45
1f5798bf-2d5a-4a6a-9ab7-e0b3c9dbc4c3,스타벅스 오륜4호점,스타벅스,창원시 송파구 34길 37
be0d434c-d3a3-4ba4-8e58-b2837cd654c6,투썸 반포7호점,투썸,안산시 동대문구 5길 49
0895b6c3-1d27-4cd9-be7f-0fdeec956a11,이디야 구로4호점,이디야,남양주시 강남구 18길 11
8269a0b4-3d9f-47e5-ad45-aca4c45e98eb,투썸 명일4호점,투썸,파주시 강남구 13길 23
da9587f1-bbb5-4490-b92e-836a3d8985ab,이디야 오륜5호점,이디야,구미시 구로구 23길 21
08e16275-be90-41a5-876d-f66be45e3bb0,스타벅스 사당9호점,스타벅스,안산시 양천구 1길 15
f7447dc5-c426-4454-a8cc-cbb77ae5b51f,이디야 성수5호점,이디야,인천시 은평구 27길 50
95d3676e-2a8f-42dc-87a9-d8401ea2e596,스타벅스 길동3호점,스타벅스,평택시 서초구 46길 3
965e72a1-6477-4610-ba15-30f86337942e,커피빈 방배6호점,커피빈,안양시 광진구 26길 12
e616b8df-5e06-41b9-94f9-b658729413fc,스타벅스 양재4호점,스타벅스,광주시 송파구 37길 4
1b55657b-d7d8-49f3-8ca5-68b4c14abf93,스타벅스 오금10호점,스타벅스,천안시 광진구 14길 40
0c34e348-4d3b-4604-81c3-fe63c386453b,커피빈 문정2호점,커피빈,구미시 관악구 27길 20
458df019-2470-430c-b71f-590eb0e3e904,커피빈 수유1호점,커피빈,김포시 강북구 30길 42
f3c0a1fb-a19e-4b23-a7c0-39d9bf15508e,투썸 화양4호점,투썸,천안시 도봉구 22길 41
1d582122-1282-4003-98b4-1e092b2f9c49,스타벅스 행당4호점,스타벅스,천안시 은평구 15길 8
07ec0481-3a6f-404f-8214-1ef16bf4fe6b,이디야 신사5호점,이디야,천안시 동작구 5길 9
6f0a5f03-0e8a-4aa7-a207-a2ddff845a6f,이디야 노량진6호점,이디야,울산시 강동구 18길 15
28d0b9d8-0ed9-4938-afac-7eed2bbcf31d,커피빈 양재9호점,커피빈,용인시 영등포구 16길 17
c236b0c4-55d0-47fa-9bfb-ae1aee5cc8fc,커피빈 중곡10호점,커피빈,안양시 용산구 22길 30
9690c052-2ac1-479b-a48f-70e66a17d8dc,투썸 논현10호점,투썸,화성시 구로구 42길 39
2a21b172-961c-4d3b-b3b2-d5ccd6f4bfcf,이디야 잠실4호점,이디야,광주시 강서구 45길 26
32430a65-9188-40f8-977c-5489db6ef2e4,투썸 행당7호점,투썸,광주시 노원구 4길 13
a7b99183-7a1f-4853-bfb3-ee42f884202a,투썸 잠원10호점,투썸,인천시 은평구 25길 38
3d721c6b-8b2d-4188-abb6-776257dcfce3,스타벅스 행당9호점,스타벅스,안양시 마포구 7길 34
aa6ce4bf-e5cd-4aae-bf6e-4d3ae059b116,이디야 둔촌7호점,이디야,평택시 성동구 39길 11
682593a9-482d-4a4f-8922-56a07e5ecb3c,커피빈 이대5호점,커피빈,제주시 영등포구 22길 9
7fdfb1dd-1604-4379-990d-bf4174447ff8,커피빈 능동2호점,커피빈,의정부시 중랑구 28길 6
eced114c-0879-41c2-884f-74cdc371219e,스타벅스 건대5호점,스타벅스,구미시 구로구 35길 13
c6db656e-f2ee-4252-b183-f60d123f4d9e,투썸 행당9호점,투썸,전주시 광진구 35길 41
c98f944e-3017-476d-97fa-ab2f938ccba5,스타벅스 송천7호점,스타벅스,부산시 동작구 2길 28
0ca30141-449d-45ee-845f-5226deda8064,스타벅스 수유6호점,스타벅스,고양시 강동구 36길 43
0cf5aeaa-2a58-4066-8701-a0f6f136ded7,투썸 잠원3호점,투썸,구미시 노원구 7길 35
a544c93f-5579-46fb-85df-5e1b60c3ae86,투썸 광장8호점,투썸,대전시 동대문구 23길 18
db021028-fb47-4666-86c2-314d3656cfa0,스타벅스 광장5호점,스타벅스,대구시 강남구 12길 38
8624c608-9b6c-4f49-9d6c-9b2b02941fb4,커피빈 중곡6호점,커피빈,고양시 용산구 29길 41
b6be9a07-b2fb-4ae7-923a-b2b181896c03,스타벅스 논현1호점,스타벅스,의정부시 용산구 41길 42
e4c5fef6-84c7-4e25-8c8a-cc658417d48b,투썸 대방1호점,투썸,부산시 관악구 33길 5
e6708d6c-0b6b-4896-8eee-e25850f0a35e,투썸 고척4호점,투썸,부천시 종로구 27길 16
3bc64b36-f8bd-4d31-9031-8303413e8445,커피빈 구로4호점,커피빈,부산시 강남구 16길 31
414391e3-123e-4620-b428-18d24e022403,투썸 방배8호점,투썸,평택시 은평구 33길 34
5c4b80db-bde9-437b-a335-f747b28c21d5,투썸 구의8호점,투썸,구미시 용산구 28길 7
b3882ee1-d52b-4ef3-80f7-52b9717c1013,커피빈 역삼3호점,커피빈,양산시 성북구 15길 40
e5a4aa79-6eeb-4437-b707-2c61cd381a5c,커피빈 암사8호점,커피빈,성남시 성동구 21길 8
2a976212-7896-461a-a0a3-a562d0aa7482,이디야 삼각산9호점,이디야,양산시 송파구 2길 28
45f479a4-fa8b-49eb-b505-abfec15550a1,이디야 마천8호점,이디야,광주시 용산구 44길 44
12f70657-8b93-4a6a-b5e0-a039c89a4da2,투썸 삼양5호점,투썸,부산시 도봉구 27길 17
b8f72083-2313-4e5a-8987-731303dfc67c,이디야 신사6호점,이디야,부천시 강서구 26길 20
0ee60563-96a7-4e39-af35-6378cfdf46cc,이디야 삼각산3호점,이디야,포항시 성북구 35길 12
b4e9e9b0-81ac-4921-8300-adf06f9c7f2d,투썸 홍대9호점,투썸,대구시 강서구 33길 21
e4426968-349d-4361-8148-3ab1d40cb73a,스타벅스 홍대4호점,스타벅스,청주시 송파구 17길 48
011ca788-dcfd-444c-afe8-0f4de2d4b862,이디야 고덕6호점,이디야,안산시 관악구 28길 28
dd2620be-9835-4b41-bbf2-15a31a63700e,투썸 둔촌3호점,투썸,창원시 광진구 18길 6
d3e9b53c-ebe8-4a00-975d-3a6c425f1f1a,스타벅스 대치1호점,스타벅스,부산시 관악구 29길 3
af5c037b-9dff-4479-9521-825e15fd2992,커피빈 중곡3호점,커피빈,용인시 동대문구 26길 16
e0614e21-abf6-477e-8f8a-e1d6ef2b42b7,이디야 가락5호점,이디야,파주시 마포구 17길 44
6fadf108-0ebb-4e73-b3fb-63ad33a196a4,커피빈 행당1호점,커피빈,구미시 송파구 43길 47
b055bd69-3ff2-4369-ab86-ad1e0ebab03b,이디야 건대8호점,이디야,대구시 종로구 12길 9
8af3c7ff-3abe-477f-8d9e-a2addf1d39ea,투썸 용답9호점,투썸,포항시 관악구 10길 35
22616564-0431-4ab7-89e7-d3022dbca976,스타벅스 사당1호점,스타벅스,안양시 용산구 5길 6
408eb954-b0a9-4232-b567-95601a6b9dbd,이디야 화양3호점,이디야,양산시 송파구 28길 27
d229b2b7-1df6-481a-80b1-0c0dd69048d2,스타벅스 문정7호점,스타벅스,광주시 동대문구 37길 7
529992c4-e6bc-42dc-bcd3-4153cce673f9,투썸 번제1호점,투썸,인천시 노원구 2길 15
e6e39e84-80a0-47a3-b1c9-5c7a282a3858,스타벅스 이대7호점,스타벅스,원주시 강서구 17길 2
3df5874e-bb76-4e42-be32-7ff9483ffe78,이디야 강일9호점,이디야,부산시 중구 20길 2
be28accb-d323-41ef-9270-8de4df1e3fc6,커피빈 천호4호점,커피빈,파주시 중랑구 2길 10
b9738e03-96b5-46db-a713-8e9774946a16,스타벅스 잠실10호점,스타벅스,광주시 양천구 46길 24
0632f6e9-bc6c-4aaf-9f59-4216d6e27535,커피빈 송천7호점,커피빈,청주시 금천구 16길 13
97de1c41-61e8-43e0-8fcf-feab9d0088de,이디야 성내3호점,이디야,광주시 영등포구 22길 31
dd18e589-fbf1-4419-8bcc-61f266adc369,투썸 오륜5호점,투썸,김해시 강서구 36길 35
1d303555-64d1-417a-a5e5-5d74d42e45ea,이디야 풍납1호점,이디야,용인시 양천구 3길 26
22e64689-05cc-4518-a823-024230d7845d,이디야 압구정7호점,이디야,제주시 관악구 22길 9
7c6ed5ff-01be-4b9d-b670-aa988a3d0984,이디야 금호2호점,이디야,평택시 영등포구 26길 36
eeae6226-ca24-479c-bf9d-4ec16cc13716,스타벅스 오륜4호점,스타벅스,인천시 구로구 18길 38
d49d6ca1-3e4a-41cd-8844-28b18d9361f0,커피빈 송중7호점,커피빈,성남시 종로구 5길 3
4bb3e184-4200-4d2a-b0d6-207ff1a7296d,스타벅스 고덕5호점,스타벅스,대전시 도봉구 21길 4
1f01fc0a-14db-47ac-9884-0edc6ad9df68,커피빈 양재2호점,커피빈,전주시 종로구 12길 23
1f2bad2b-6d9e-4bd2-bff2-793a5306c2b6,커피빈 삼성2호점,커피빈,파주시 용산구 36길 36
2abe7d95-b193-4440-8175-44d0e1c7f9a1,투썸 대방1호점,투썸,광주시 도봉구 16길 20
eb222e48-7a47-4c06-bdf9-7a4f4091f744,커피빈 역삼3호점,커피빈,시흥시 성동구 16길 31
c0bc14c5-da95-4d4f-8b72-3b2665de9b48,이디야 가락7호점,이디야,부산시 성동구 20길 39
d81455ac-639c-4836-8346-7f9da90e0fcd,투썸 신사3호점,투썸,부천시 도봉구 29길 44
4e214124-d485-4fcd-a145-089a948de68b,투썸 둔촌10호점,투썸,김해시 용산구 7길 23
ce8f4c23-9989-4aa7-a7ce-99862ac7c11d,스타벅스 구의5호점,스타벅스,양산시 노원구 8길 9
b528fb25-009c-4e82-8107-58fc1bf55964,투썸 암사5호점,투썸,성남시 동대문구 48길 40
d36792fd-77b5-467a-b84d-b0026fe0924d,커피빈 암사6호점,커피빈,창원시 종로구 10길 10
93218d30-fa88-429a-ba1d-5e00a8ded926,이디야 구의2호점,이디야,파주시 동작구 21길 30
09b73a1f-2313-4d17-9cd1-3fa8eeb63d5d,스타벅스 풍납4호점,스타벅스,고양시 중랑구 16길 31
81975755-47fb-473d-b527-cd3f9fc9c78f,커피빈 용답9호점,커피빈,대전시 노원구 19길 44
29e38017-e714-4416-a073-84e3f59f21da,스타벅스 신사2호점,스타벅스,김포시 영등포구 47길 4
b2b31d9a-e5dd-46be-a193-f87118fdc8a0,커피빈 암사1호점,커피빈,창원시 용산구 22길 43
d7ce4c88-b503-4559-93e4-5bf654cec9f0,이디야 신사3호점,이디야,인천시 양천구 13길 3
1da00a28-2826-4e85-bc8b-15d9e8c871a8,투썸 잠실5호점,투썸,시흥시 은평구 24길 4
b6c2491e-a212-445f-bad9-64fe509abead,스타벅스 번제10호점,스타벅스,김해시 구로구 41길 18
e1f4a72f-4a00-4389-99c8-dc5d83ca4a8a,스타벅스 풍납3호점,스타벅스,청주시 중랑구 43길 35
026a923f-923b-4139-b7dc-87bab78184da,이디야 둔촌8호점,이디야,창원시 은평구 48길 44
b6d82dd2-9de7-4186-b2fe-422b39c20e99,투썸 송중10호점,투썸,안산시 중랑구 19길 26
6dff1572-0b34-4c66-8375-8259bc15a362,투썸 왕십리3호점,투썸,제주시 동작구 28길 44
7f4632cc-dbcf-46c9-a029-97139bb1a197,커피빈 건대4호점,커피빈,용인시 도봉구 8길 31
3ed3f350-293b-4a9e-99b4-2f1c3f13c82a,스타벅스 금호9호점,스타벅스,시흥시 도봉구 38길 36
de6576af-8df3-482c-9832-ee212cf7cd9e,이디야 미아1호점,이디야,평택시 동작구 28길 13
c028360e-40af-4f6b-bbca-f5d700c6b6a5,커피빈 홍대8호점,커피빈,부천시 동작구 43길 37
95257dcf-0424-424a-9612-f90661858707,투썸 고척4호점,투썸,제주시 관악구 33길 38
bb0999ff-fdb5-4bae-ab92-5a6c74e52195,투썸 고덕9호점,투썸,인천시 은평구 45길 42
fe40547b-8daf-41c1-996a-8019d491e9d7,투썸 내곡3호점,투썸,구미시 성북구 23길 33
b77e855c-8e37-4d3f-9564-0422e0064c25,스타벅스 암사8호점,스타벅스,부천시 강서구 9길 42
51e9acfc-c3b2-4019-b4ab-0aa088711c16,커피빈 풍납4호점,커피빈,안양시 동대문구 40길 26
5070cd2d-4f31-469c-855b-1acf4dd2b4ec,스타벅스 수유1호점,스타벅스,구미시 동작구 38길 8
b0515a46-dc61-423d-bb0e-aca8e292030e,투썸 화양9호점,투썸,대전시 동작구 7길 43
9baac3be-13f1-489c-804e-fd22adb672a0,투썸 문정10호점,투썸,양산시 용산구 5길 17
7fe11ad1-9e3c-49cc-8d3a-3fcbdac72551,스타벅스 암사3호점,스타벅스,남양주시 중랑구 3길 3
0a77f044-78d5-4793-b2a3-667812dbb553,스타벅스 번제9호점,스타벅스,김해시 강동구 37길 21
ccceb7ad-ea20-4cfa-8c31-6a5e45ebae5e,투썸 용답10호점,투썸,광주시 구로구 41길 18
2aafdbda-cf27-48c3-acf4-0ff1101c4468,스타벅스 방배4호점,스타벅스,남양주시 송파구 5길 18
446ea758-fd62-46ab-8a9b-893fc1a9081b,이디야 군자4호점,이디야,광주시 구로구 41길 7
ff735fdd-0473-460b-bd50-ff5eaa88f97f,스타벅스 풍납8호점,스타벅스,시흥시 종로구 19길 14
8d9f3fe1-3f25-466f-abc9-5ecfb365120c,커피빈 성내8호점,커피빈,남양주시 중구 35길 2
99c50257-163b-4936-892c-7f05ecc99ff0,커피빈 마천1호점,커피빈,화성시 종로구 34길 22
053f38d0-887f-486c-9d14-9c91990a2c6c,커피빈 양재7호점,커피빈,용인시 구로구 45길 40
444e1d76-d3f6-45c2-93cb-84dd12212990,이디야 반포4호점,이디야,의정부시 종로구 2길 43
221a2302-66d9-4c2c-a6de-ae9363e588e5,이디야 삼각산2호점,이디야,김해시 강남구 39길 20
68025290-c9c3-4c93-b4e4-2fc5ef0dc92d,이디야 건대2호점,이디야,남양주시 광진구 10길 40
297644fb-7a10-45ec-9cce-98f3eb57781a,이디야 번제6호점,이디야,청주시 구로구 22길 21
25f903a6-a4dc-4d3c-9f51-266af8c6b2c6,스타벅스 압구정9호점,스타벅스,고양시 강동구 27길 22
68599c47-eddc-42d1-b26d-4f64afdbf656,투썸 대치3호점,투썸,부산시 서대문구 34길 34
192615f1-d90c-4e81-97a2-7f5a96ab2658,스타벅스 행당9호점,스타벅스,의정부시 강남구 21길 18
df69a9ae-684b-44db-a505-f0b3f9b54db4,이디야 건대8호점,이디야,부산시 중구 17길 25
103ce92c-76d3-41f6-9aa6-4e40e87fffa6,스타벅스 내곡9호점,스타벅스,구미시 도봉구 44길 16
7d7be2c2-809c-4f1f-a26a-dc6e843515fb,스타벅스 길동3호점,스타벅스,성남시 양천구 21길 23
b1a2da1a-8589-400d-ba6f-674d13589738,이디야 오금10호점,이디야,청주시 은평구 22길 45
b1997911-b6b8-4db4-a59a-bc06e230dd07,이디야 삼각산8호점,이디야,고양시 금천구 21길 31
7737615b-9fda-4262-8dfb-f5a57c3c940e,이디야 이대2호점,이디야,의정부시 강북구 19길 47
e1f104f2-edf6-4d85-8423-2eaf28c096f8,스타벅스 고척9호점,스타벅스,서울시 영등포구 43길 6
c17b3d62-a5b9-4c09-aa88-f657d8e3128f,스타벅스 성수10호점,스타벅스,광주시 금천구 30길 20
da98438d-f364-48c9-b5f0-2cc46935955e,이디야 삼성3호점,이디야,김포시 중랑구 33길 18
943c210b-a723-4f76-9ef3-cae38be4d360,커피빈 화양8호점,커피빈,서울시 서대문구 13길 21
8660fb53-58af-463f-88b1-a6cd80503f2d,커피빈 번제4호점,커피빈,원주시 성북구 46길 11
3633fd22-62e1-4dd7-bd31-58fbcf80f970,스타벅스 송천6호점,스타벅스,안양시 강동구 9길 40
fe96a9aa-6e33-4288-b41d-451c1d8f41f0,스타벅스 암사6호점,스타벅스,인천시 동대문구 10길 27
36a88a46-cbab-499e-9337-b12860663a99,투썸 둔촌6호점,투썸,제주시 광진구 48길 48
d40af8de-2bd2-4c28-bde5-22084269efef,투썸 구로1호점,투썸,광주시 성동구 1길 28
c5c139f8-7383-4eec-a147-6a4ab91e858c,투썸 가락2호점,투썸,남양주시 강동구 43길 41
89efdf4b-26cd-42ee-8ce1-316e0b639e5c,스타벅스 번제2호점,스타벅스,평택시 성북구 29길 44
0cb4c363-4c4f-4129-93ca-a5adbb797e6f,투썸 성수5호점,투썸,인천시 중구 7길 16
58762003-90ea-4e21-aa09-999370207bcb,커피빈 상일10호점,커피빈,천안시 강북구 41길 40
b358f3a9-8e8c-46ee-a44f-0a4f55250060,커피빈 중곡9호점,커피빈,광주시 성동구 41길 20
15803113-897d-4ad7-843a-332be190e935,스타벅스 양재9호점,스타벅스,남양주시 용산구 45길 21
f7d97e6b-50d8-4f5d-b076-18bd1902ffa1,스타벅스 용답4호점,스타벅스,울산시 강서구 1길 37
ba38bdfe-65fb-442a-88d7-e5a2d06b7119,이디야 논현5호점,이디야,의정부시 양천구 5길 40
e235cb7f-67a0-4e4b-9661-73dc232b1020,커피빈 건대6호점,커피빈,인천시 중구 20길 11
f8cb948f-436f-4cfd-be23-fc1a5024201c,투썸 노량진6호점,투썸,포항시 강남구 13길 17
8120b41b-2c1b-4ee2-8650-9cc24bb1b1c9,커피빈 오금2호점,커피빈,대구시 영등포구 14길 11
8eb9cc89-b228-4f1c-8c77-0df16ffd8cda,이디야 둔촌4호점,이디야,부산시 은평구 27길 20
c7985b42-2d21-4af4-989a-aea1586948d2,커피빈 가락4호점,커피빈,용인시 성북구 38길 18
39d7689b-4a14-4734-a9e8-a0ca979c85c6,이디야 삼양4호점,이디야,인천시 마포구 48길 20
75457a13-494b-408e-aa24-6ec50782b082,커피빈 명일2호점,커피빈,광주시 노원구 46길 41
2f798a08-b64a-49ca-9929-328e959c5202,커피빈 대방4호점,커피빈,고양시 강북구 19길 14
85ec32df-4fd4-45c0-abed-d48f15a53366,이디야 오금5호점,이디야,울산시 마포구 22길 37
306d8404-754a-4bc5-9387-fb7e6eaf06c5,커피빈 성내7호점,커피빈,시흥시 중랑구 50길 48
f857cb48-ee19-4d57-a7b0-f33d4142ef04,투썸 풍납2호점,투썸,인천시 동대문구 23길 28
1896530b-4e2b-495a-95ac-21fc175ed21d,커피빈 노량진9호점,커피빈,수원시 동작구 37길 37
6fd30058-bb8a-44ab-b629-173b30601fd4,이디야 반포5호점,이디야,인천시 관악구 27길 34
d300a6b4-e71b-49f6-accb-8ab806923c66,스타벅스 내곡5호점,스타벅스,창원시 강동구 20길 29
8b3fb3a9-4cfc-4e9a-a7ab-a3a5ce1aeb04,이디야 노량진5호점,이디야,시흥시 강동구 28길 14
386b9f62-63e9-411a-a9a1-ec0c15aa225c,이디야 오금3호점,이디야,원주시 마포구 29길 38
f67de05e-cd26-4946-8f91-60821a2e7744,커피빈 오금6호점,커피빈,시흥시 동작구 47길 14
0db51b94-ca99-4849-8bd7-115b1afc3bc0,이디야 역삼4호점,이디야,광주시 은평구 26길 32
d1cafb99-31c0-4d0c-82cc-25df38d464ef,투썸 왕십리4호점,투썸,부천시 용산구 5길 17
3f5e86f7-8cb5-447d-aa0e-d9e8da93f535,스타벅스 암사1호점,스타벅스,부천시 광진구 6길 34
3b302a68-bb87-4394-8574-e315225c2387,이디야 홍대1호점,이디야,원주시 관악구 4길 34
10ad70be-5c75-448e-a594-727eecc1d3f3,투썸 방이8호점,투썸,광주시 노원구 34길 20
f3abeca9-9c64-4d27-8dd8-6de9a893dd4a,스타벅스 둔촌2호점,스타벅스,양산시 강남구 26길 22
b6f1813d-42d7-4f14-9787-b63088e74ff9,투썸 수유7호점,투썸,김포시 관악구 19길 20
8a3153b3-4664-423e-8ce4-106c32a8042d,이디야 마천2호점,이디야,부산시 금천구 22길 11
3a6a0182-2709-42ec-948f-08cbbb5056a4,스타벅스 군자1호점,스타벅스,의정부시 서초구 27길 10
6de35273-3a1a-4174-a961-fbd022df2303,투썸 문정8호점,투썸,전주시 중구 37길 37
693748bb-b74b-4d17-af6b-45fb300bc366,스타벅스 사당2호점,스타벅스,대전시 구로구 4길 26
8beb7aa1-75d4-4731-a674-5032ac114265,스타벅스 송천5호점,스타벅스,양산시 동작구 23길 38
62fd607e-4561-4e8c-9294-7dc6837a6aad,투썸 번제3호점,투썸,서울시 성동구 46길 24
df2c24e4-e661-46d9-9126-36d9ac6ef614,투썸 이대4호점,투썸,남양주시 동작구 50길 24
04105301-cf77-4e74-965b-3b8355bb86b1,커피빈 구의2호점,커피빈,김해시 종로구 46길 21
b95278f0-bc56-49b4-bc8c-bbdac5413d5e,투썸 사당2호점,투썸,인천시 송파구 25길 42
c022cb2b-08cc-4ecb-84ec-00d642e663b8,커피빈 미아4호점,커피빈,울산시 송파구 14길 48
f8942a19-f78b-4328-a1c6-add903c712d0,투썸 오륜3호점,투썸,파주시 성북구 7길 12
36120717-e316-49db-ac42-10eeba4aea63,이디야 천호5호점,이디야,고양시 금천구 38길 16
0ad6f5cc-4f76-4642-a192-ed836f9d882a,투썸 방배8호점,투썸,청주시 구로구 46길 24
5f6dcceb-a650-475b-8334-9d227607f218,이디야 반포8호점,이디야,용인시 강남구 31길 45
59c856fc-8920-442e-b129-aca6cda42864,커피빈 행당4호점,커피빈,원주시 서대문구 9길 28
9598aa0b-0d88-4259-a6e9-509485ed3b60,투썸 노량진5호점,투썸,청주시 영등포구 5길 15
3507e03a-d2a3-4453-a34f-f4206d6cc40a,투썸 고덕7호점,투썸,광주시 강서구 10길 8
62efac4b-28a4-465e-9ee8-883d0a04a496,투썸 명일4호점,투썸,고양시 성동구 42길 33
fa358c68-b81c-4d39-96b1-43cc8414664c,이디야 왕십리4호점,이디야,대구시 성동구 44길 37
65553df0-7c25-4d45-8bd4-2a6da928326e,커피빈 구로8호점,커피빈,창원시 서초구 32길 26
a86d6389-20ec-4d79-85f9-7bd4ff5c796f,이디야 행당4호점,이디야,서울시 노원구 49길 33
1a11b6b0-4f57-4278-98ff-3eb63265f6df,커피빈 이대2호점,커피빈,포항시 광진구 32길 45
b9640ddb-1012-48fc-a6e1-b2dbb743332e,스타벅스 마천10호점,스타벅스,부산시 성북구 40길 41
892b089a-bff2-414f-b00f-86b50371f978,커피빈 논현7호점,커피빈,의정부시 관악구 10길 24
927ded1d-3014-48d5-b89a-8e60a525e896,투썸 방이5호점,투썸,광주시 송파구 3길 43
a2ecb5ae-d071-4fc1-9731-0c44e9815be5,이디야 중곡2호점,이디야,대구시 서초구 48길 48
ab0f42b2-0e64-40dd-a1b5-9dbf35eee777,커피빈 반포4호점,커피빈,부산시 종로구 4길 25
3c4efd45-fe43-4b64-bc23-b9cbdfe7e599,이디야 풍납4호점,이디야,울산시 은평구 42길 2
cc9c74dd-7196-4cc5-b0b2-5ee1d783fae7,스타벅스 잠원10호점,스타벅스,부산시 관악구 1길 20
a1fb28c9-da11-44e2-a9b5-eb168f65a7a3,커피빈 수유9호점,커피빈,안산시 은평구 11길 40
7e0bb88a-fc87-4d99-ab94-2627c9f06cac,이디야 풍납5호점,이디야,안양시 금천구 46길 19
0f6ea734-e2a0-4ba2-974b-f68f91de76d3,커피빈 오금4호점,커피빈,수원시 강동구 14길 25
f5317fb9-8653-46f2-901e-d7911c012385,스타벅스 잠실5호점,스타벅스,남양주시 중랑구 13길 25
5f2e9d70-9027-47af-9dfe-db2d6765dd36,커피빈 가락6호점,커피빈,용인시 서초구 32길 47
bdac3c1a-707e-4854-aaaa-8a6eeaa621a7,이디야 방배9호점,이디야,창원시 마포구 32길 21
f74f7f10-5721-4576-ab9c-c39b57979539,커피빈 상일6호점,커피빈,서울시 종로구 24길 35
0c506dda-8697-4098-aee6-1d0e420a8365,이디야 고척8호점,이디야,성남시 강동구 31길 46
843c7a51-cdee-466a-889a-75c3f6b0de86,투썸 길동5호점,투썸,청주시 동작구 46길 3
b8b276ab-9f8f-4508-92e2-362458b2b6b5,투썸 논현2호점,투썸,남양주시 강북구 28길 34
9e41aa59-c538-426a-a7dc-0461def956fb,커피빈 신사4호점,커피빈,인천시 종로구 30길 35
c45e37d5-ba9d-4a05-87b3-8cb8f8c17c51,투썸 풍납6호점,투썸,포항시 은평구 16길 10
90552d0e-2687-436e-a4dd-398098de6b0a,투썸 잠실3호점,투썸,광주시 서초구 47길 29
f71b06ae-f230-42ef-a4a5-92f874179703,이디야 강일9호점,이디야,원주시 성북구 15길 18
00f29c39-9ec7-4bd8-9839-38b9a3de0df1,투썸 삼성3호점,투썸,원주시 강북구 46길 43
98c48d2a-87fd-4f1d-b487-d0a1843f52f8,스타벅스 방이3호점,스타벅스,양산시 성북구 15길 40
ce962e78-c5b6-43b4-b5ad-789a28698706,커피빈 압구정6호점,커피빈,평택시 동작구 34길 10
bab8fdb2-3223-422d-aa01-56c8f8b1f869,스타벅스 대치4호점,스타벅스,안양시 구로구 2길 44
aa80fca3-cd08-4d51-9aa3-fb71aceafc10,이디야 오금4호점,이디야,인천시 강동구 49길 6
1ddf9ae3-66d8-402c-bfdf-71c162b53cc8,커피빈 구로3호점,커피빈,서울시 구로구 2길 16
5d15a99a-09e6-4e03-8028-00e185e3bcb4,이디야 성수3호점,이디야,김포시 중랑구 39길 5
1a3e7aa5-fdfe-4b97-be75-99eb53c43659,투썸 강일9호점,투썸,청주시 광진구 30길 4
8dace958-b018-4d77-b912-f5d0b0e31595,스타벅스 송중2호점,스타벅스,화성시 중구 40길 27
da578001-d420-458f-9eea-52d2c1370d8a,투썸 행당10호점,투썸,대구시 종로구 41길 31
18f30c03-7d12-4288-ae1e-2cdbd07070c9,이디야 사당10호점,이디야,광주시 노원구 48길 45
cf0a41d5-9a70-42cd-9852-329a63d2b6c3,커피빈 역삼1호점,커피빈,화성시 강동구 41길 48
1fe2d7bc-251e-4994-a2d2-750613e3ac4b,스타벅스 송중10호점,스타벅스,김해시 중구 13길 16
23e65735-f709-4631-93a0-912f1063269d,이디야 번제2호점,이디야,구미시 노원구 13길 30
101f5791-a0bb-4f22-93ff-d6d1b20a7a34,투썸 오륜10호점,투썸,창원시 용산구 30길 31
8759b249-d5cc-47f4-808c-cc5b536e4ca4,스타벅스 홍대6호점,스타벅스,천안시 강남구 12길 35
20611c48-7230-4cce-afa7-e98913154494,스타벅스 대치10호점,스타벅스,구미시 서초구 43길 15
471423ad-abc8-49b0-a407-3f97bd2c15a5,커피빈 내곡6호점,커피빈,포항시 도봉구 8길 23
6ce19ed8-39cd-4816-9703-c3d25ee2de48,스타벅스 압구정4호점,스타벅스,부산시 구로구 10길 42
fd1c97d0-331f-4337-be1a-1f10212e50d9,이디야 가락6호점,이디야,안양시 관악구 3길 42
1daca470-d1d7-48dd-b2af-d0d016ca38d3,커피빈 문정10호점,커피빈,안산시 도봉구 49길 46
8812b2c5-e5a6-4ca3-a934-e66bc187e987,커피빈 왕십리10호점,커피빈,파주시 노원구 2길 30
33ea14c6-2b2c-44ed-8d05-66fe7984dd3d,커피빈 삼각산7호점,커피빈,용인시 관악구 8길 50
f4e294e7-13fe-4bb2-a327-09430d963daf,스타벅스 구의4호점,스타벅스,구미시 금천구 45길 44
99c34037-de1b-4f77-9751-6946dd1589af,이디야 잠원5호점,이디야,창원시 중랑구 17길 46
0d83e14b-2f51-4c63-b707-33e8c646de97,스타벅스 암사1호점,스타벅스,대전시 중구 10길 1
cfb037f6-84d7-4960-94d4-46a8651a1421,스타벅스 왕십리6호점,스타벅스,부산시 성북구 15길 48
ead0029f-0c08-4e5c-93dd-7926f8634541,스타벅스 구의8호점,스타벅스,부천시 중구 17길 50
33a228ef-531d-4081-b47d-82e3193755aa,커피빈 왕십리4호점,커피빈,시흥시 서대문구 26길 8
4ac55167-85a5-4319-9d39-59519ebd89db,커피빈 번제7호점,커피빈,제주시 금천구 13길 14
09edb5ac-89df-4fa9-a1c7-a490ebc186b2,커피빈 강일5호점,커피빈,창원시 강서구 3길 50
911f9339-b8e2-4d2b-bf98-509b6fd4cc6a,커피빈 고덕7호점,커피빈,구미시 마포구 20길 33
910e7bb3-f053-4808-a324-adeca14ec3bd,이디야 군자8호점,이디야,광주시 종로구 43길 45
d127309b-0d23-44d0-8c74-b580ba6dbb0c,투썸 성내2호점,투썸,김포시 광진구 30길 7
19e4b1fb-2efb-4628-bf43-6a437490fb8d,투썸 미아5호점,투썸,대전시 금천구 44길 38
d5d5cd62-0612-4ea5-a584-2d7c6f171bb6,스타벅스 오륜9호점,스타벅스,청주시 강남구 41길 50
8de527fd-0b1e-4d01-81be-44b4a3e32153,이디야 구의1호점,이디야,대구시 도봉구 8길 14
ff6af13b-5767-45cb-a969-f8017eb00d0b,커피빈 암사4호점,커피빈,안양시 강동구 49길 29
402cec35-7a38-4cdd-b460-5f02fa76f84f,커피빈 양재1호점,커피빈,남양주시 서초구 26길 7
6f60e156-8722-4694-afbf-59ae39597b7b,스타벅스 화양6호점,스타벅스,부천시 성동구 4길 26
9b981d27-e33a-4733-921b-c7bae8c63064,스타벅스 문정6호점,스타벅스,양산시 서대문구 11길 40
1c49bd7b-4a68-44fb-b377-a29a4fa16b7f,커피빈 구로9호점,커피빈,용인시 강동구 13길 32
0bd2202f-d4dc-4dcf-8d86-0ac421a18d9c,이디야 성내4호점,이디야,양산시 구로구 20길 10
778a6ac1-0701-4cb6-bb98-13ed3badeacf,커피빈 홍대3호점,커피빈,광주시 영등포구 6길 14
9d9260d3-16c7-4f8e-b401-db6bdcea4874,커피빈 대방10호점,커피빈,제주시 용산구 38길 12
9366daea-c137-44c8-a390-a55a4c351ae8,스타벅스 삼양2호점,스타벅스,용인시 강남구 50길 32
8b676f14-0fca-4a06-80ea-33e545283532,이디야 삼양4호점,이디야,제주시 용산구 30길 39
a4aff334-f210-476a-9697-f54a3921aa1f,투썸 풍납6호점,투썸,시흥시 중구 34길 30
1abe4060-f2e6-42b0-bd3e-ee0187fbeb92,커피빈 풍납10호점,커피빈,울산시 서초구 37길 6
3f780be8-f75c-4092-9130-b7697fb25797,이디야 압구정4호점,이디야,광주시 광진구 41길 48
5fee8919-0406-4d24-aa53-80123e9ed218,스타벅스 성내5호점,스타벅스,파주시 광진구 20길 40
44b1daab-9a1e-4603-89f7-0a9765085676,투썸 고덕9호점,투썸,양산시 마포구 19길 27
0122f648-05e5-41d0-baa7-cda420f0958a,스타벅스 대방8호점,스타벅스,고양시 서초구 24길 14
0146c548-eea7-4160-bbec-60d074741dd5,투썸 명일4호점,투썸,안양시 서대문구 15길 9
88e1cb3c-9d74-433f-ab29-f73484a4cc33,스타벅스 둔촌1호점,스타벅스,제주시 도봉구 50길 2
09e46cad-f788-407a-b1c2-d5d787876a8a,스타벅스 방이5호점,스타벅스,파주시 구로구 27길 36
8324325a-9367-4065-8190-20b409fd883a,이디야 능동4호점,이디야,전주시 종로구 48길 18
0706ecfd-1ca3-49f7-9897-4ba995f50d5d,투썸 광장7호점,투썸,포항시 관악구 5길 49
dd9ad6c5-e678-47fa-878c-4911015d0bc1,투썸 노량진7호점,투썸,안산시 성북구 49길 37
dfd547a5-5ed9-49ac-af28-a6e3f3041029,스타벅스 천호5호점,스타벅스,제주시 강서구 48길 25
dd8ecba6-53e3-4345-9d41-ddee97d26f58,스타벅스 옥수3호점,스타벅스,대구시 도봉구 14길 48
2eed7ad2-6535-4fee-9a3c-2e3e3ffe9ca9,커피빈 능동3호점,커피빈,서울시 서초구 28길 45
52eb7505-96ae-4b82-8906-209de9a1966e,커피빈 노량진1호점,커피빈,광주시 서대문구 20길 5
14d0a819-4ace-4e55-b86a-e11bd753e918,커피빈 화양3호점,커피빈,성남시 양천구 7길 28
bb5b0ed9-24ce-439b-96b2-ab5c73996311,투썸 송중1호점,투썸,창원시 도봉구 17길 5
481df7ff-fe92-4dc2-b773-c5f3a157406c,스타벅스 반포2호점,스타벅스,포항시 관악구 22길 14
cb55b6e6-7c48-4178-a4f3-b7f3a92dd720,투썸 수유10호점,투썸,김해시 중구 35길 19
f7c31d58-16d4-4a6c-a081-4c7af46c9142,이디야 마천5호점,이디야,김포시 동작구 19길 33
f3f9371d-34ed-4ec1-aaf4-e2b5e689afe7,이디야 군자8호점,이디야,울산시 관악구 50길 23
99d599f2-f8a1-4d36-ac32-83ef5b11c2cb,투썸 신사1호점,투썸,광주시 구로구 27길 32
daaaaee4-9507-4366-9a7d-600efc2c1230,커피빈 반포9호점,커피빈,대구시 은평구 1길 40
357e9759-26e7-48e7-b553-5ed447fa782c,이디야 광장3호점,이디야,고양시 성동구 32길 27
25385840-977b-4205-b5ae-a62fc31b8eb8,투썸 광장2호점,투썸,포항시 강남구 47길 6
c6772d8c-138c-49ff-92f7-601d3e6ec266,스타벅스 암사5호점,스타벅스,안산시 중랑구 18길 8
24c45635-497f-46d9-beba-3c6ce350647a,커피빈 광장9호점,커피빈,의정부시 영등포구 49길 14
e9719497-f6c7-4834-b7ec-95c396431348,커피빈 송중4호점,커피빈,대구시 양천구 47길 49
4c2c3c2f-a847-467a-8539-90475a1db553,스타벅스 둔촌10호점,스타벅스,시흥시 광진구 20길 41
d81c6050-7bfa-441a-a334-28cd4bdd9e90,커피빈 대방5호점,커피빈,구미시 성북구 9길 24
298d6f57-818e-4be3-91a6-f2ee393259f4,이디야 잠원8호점,이디야,구미시 양천구 25길 43
28a47f14-9a90-4d9f-aed8-ebd1b5d8aef0,투썸 천호10호점,투썸,부천시 성동구 7길 16
48f36b10-c5b5-41db-b620-30b00cd1f6e1,이디야 오륜7호점,이디야,남양주시 도봉구 41길 24
8c27f78a-1262-402b-998f-608436daa259,커피빈 광장2호점,커피빈,천안시 종로구 32길 4
d9a1ea7d-39da-423e-b30f-a68a12fddea5,커피빈 구의9호점,커피빈,용인시 광진구 15길 19
072936f4-2fb7-4317-9e0e-203c64fba4fd,스타벅스 문정9호점,스타벅스,시흥시 중랑구 26길 6
de1e598a-97cd-49b5-b13f-9815a7505e70,이디야 논현3호점,이디야,대구시 성북구 4길 13
0c388d91-f818-48a2-b668-58cbc047943b,커피빈 둔촌9호점,커피빈,원주시 관악구 10길 10
69c6cafb-8aef-45e3-b07a-00ec30b7a534,투썸 논현9호점,투썸,원주시 동작구 13길 20
85decdeb-5314-44e3-895e-5236090e4573,이디야 대방7호점,이디야,화성시 도봉구 49길 43
15cf1af4-90be-4b63-ad2c-0650a1dbaf4a,스타벅스 방배1호점,스타벅스,인천시 중랑구 19길 28
886c5da4-5eb9-4f1a-abd3-c1e8aad20191,이디야 가락10호점,이디야,대구시 노원구 27길 19
ce554e00-515e-4b8f-a25e-192bd197e841,스타벅스 마천8호점,스타벅스,천안시 용산구 21길 25
6cd1e55c-9f6e-4318-a641-dfbbb36af2f2,커피빈 금호3호점,커피빈,안산시 은평구 21길 15
668a68a0-b758-46bb-a1f1-5729c1618263,투썸 용답1호점,투썸,시흥시 은평구 24길 24
9a929bda-91b9-44c1-9db9-43f514717483,커피빈 구의4호점,커피빈,부천시 중랑구 29길 49
cce333e2-4015-4064-a33c-ce80b90149a3,이디야 이대10호점,이디야,서울시 용산구 17길 45
4832c122-092c-477b-8f32-2986bec7d485,이디야 고덕4호점,이디야,전주시 송파구 38길 35
2841820d-0f62-44f1-b191-b4ae6c38c88b,커피빈 상일3호점,커피빈,안양시 성북구 29길 39
7997db6a-51b3-44f0-a919-76da0a5cd572,스타벅스 왕십리5호점,스타벅스,화성시 동작구 46길 30
878df681-578a-4ff8-8441-9a42da27293e,커피빈 이대9호점,커피빈,안산시 마포구 44길 46
decc3cec-d3e0-4717-8825-2753974a9881,스타벅스 광장5호점,스타벅스,김포시 노원구 37길 26
f1d26b59-0b9e-4476-aff6-df5031135c25,스타벅스 오금6호점,스타벅스,용인시 동대문구 20길 7
c3389feb-346f-43a0-8fcc-9fce986dec52,스타벅스 성수4호점,스타벅스,의정부시 강북구 5길 37
02414885-0422-4856-8cb5-564a5371981d,커피빈 명일10호점,커피빈,광주시 종로구 29길 44
a8020725-4382-41bc-bc22-9a4be674886b,커피빈 삼양8호점,커피빈,울산시 용산구 2길 40
94d08d40-3385-498a-af21-b966649d1953,투썸 역삼2호점,투썸,김해시 양천구 39길 32
db430b07-9f59-4bc5-a42f-046ae69b257b,커피빈 잠원6호점,커피빈,울산시 노원구 10길 43
fe11de00-c9c1-4c31-90e2-6a54d126d66d,이디야 왕십리8호점,이디야,광주시 중랑구 38길 1
e806fa20-a7ab-4d06-ae78-e7942b45f235,스타벅스 둔촌10호점,스타벅스,전주시 구로구 6길 8
21db28dc-a18f-42f4-95e8-2f58ca684c40,커피빈 오륜10호점,커피빈,대구시 영등포구 20길 37
ae72f01e-f876-4ba2-9c0a-890f4076f5bb,커피빈 잠원5호점,커피빈,구미시 은평구 2길 22
08a176ab-b3c8-475a-833a-07b047d5ddd7,스타벅스 방이5호점,스타벅스,화성시 중랑구 32길 1
157ebcf4-998e-4038-be9a-1b998428adbe,스타벅스 가락8호점,스타벅스,대전시 송파구 43길 43
3b0a553b-052d-4c17-8f50-bf4e9c248eed,투썸 홍대6호점,투썸,울산시 도봉구 47길 43
888f071a-f0b0-4c3f-a413-1ea089d4475a,커피빈 내곡5호점,커피빈,파주시 강남구 1길 15
ab696b72-0af7-456d-9d4a-11700a20d937,스타벅스 방이3호점,스타벅스,원주시 중구 4길 32
efdb49c2-2de9-4efd-bd25-e3925f8ededd,이디야 구로6호점,이디야,김해시 관악구 18길 11
19061729-6379-4fec-8b4c-307e1d969c1a,투썸 문정1호점,투썸,제주시 강남구 5길 48
782285bf-0db1-4cc8-9777-cec83b1a5847,커피빈 건대3호점,커피빈,평택시 중구 30길 28
044dbe6a-182e-4850-b7aa-00bd72d912b2,커피빈 풍납8호점,커피빈,대전시 동작구 43길 45
1b8fbf0c-07c5-4110-b0be-8300a48454b5,이디야 잠실3호점,이디야,전주시 강남구 33길 23
588b3a38-f563-4aa9-a8d1-0dd7809d9d53,스타벅스 가락7호점,스타벅스,창원시 영등포구 28길 41
cb846e3c-85d3-4b57-91d4-30666fb22138,스타벅스 송중5호점,스타벅스,김해시 강북구 20길 43
25632f9c-a28e-451e-b84f-3140de3c13dd,투썸 둔촌3호점,투썸,의정부시 양천구 9길 24
ecfd9918-3978-4b51-9091-f41526e5015a,이디야 상일7호점,이디야,포항시 마포구 22길 50
c3a41c06-05cc-4cd2-958c-79ce3800db15,이디야 성내3호점,이디야,안양시 용산구 14길 3
ea43602f-c4bd-4e49-aab8-f5baa15bb78f,투썸 건대2호점,투썸,제주시 서초구 31길 27
a3a6b6a2-8fa0-4970-b65d-7a1e0d949de1,커피빈 옥수4호점,커피빈,김해시 강서구 43길 35
a1d112a6-5104-4cf4-b571-c30da877be78,커피빈 수유5호점,커피빈,포항시 강남구 22길 48
1126b600-1ea0-4a45-a658-55abe5a250fd,이디야 마천3호점,이디야,파주시 송파구 49길 25
1fee724b-f397-44b4-be77-1c236cb91438,이디야 잠원10호점,이디야,부천시 동작구 5길 38
51f45132-3bb7-4ecc-808e-f0954f2d3b3f,투썸 삼성2호점,투썸,광주시 구로구 17길 7
2265bb19-d0f7-48b2-8631-ee9067e1ee19,스타벅스 잠실9호점,스타벅스,고양시 서초구 10길 30
3197865d-54e8-4169-8aa5-d6c4395a82df,이디야 가락8호점,이디야,전주시 관악구 43길 8
73bb5749-28c7-4fe6-b6ca-1405b6dd7abd,투썸 광장1호점,투썸,안산시 양천구 42길 49
df3560b5-3031-4dd0-afc3-88123a51c630,커피빈 방배1호점,커피빈,평택시 중구 42길 41
77435142-f19c-4fc4-aa93-cc4fda3a361f,스타벅스 가락5호점,스타벅스,부천시 동작구 33길 15
20ea320c-9f31-4c84-b1b9-0c010bb13c41,스타벅스 중곡4호점,스타벅스,울산시 서초구 9길 40
afbb0ce3-65e7-4adf-b6c4-07fb93e6a00e,투썸 구의3호점,투썸,평택시 중구 23길 16
962bfb74-bc9e-47ab-b587-5c924f1149d9,커피빈 문정8호점,커피빈,평택시 중구 13길 41
749480e0-ee11-4e78-af0a-827907f1240a,커피빈 고덕10호점,커피빈,평택시 강남구 43길 9
89961e87-a7a9-4f4e-804b-7676aa7aff28,이디야 미아9호점,이디야,성남시 동작구 45길 41
8bc69d55-7d6a-4cdb-87a6-79b510ad591e,스타벅스 옥수2호점,스타벅스,평택시 중구 40길 26
7f34016d-908a-4b12-9150-0fbd228b457a,커피빈 미아4호점,커피빈,평택시 강북구 29길 12
1ae7722e-7d2e-4d75-9f9e-595ee614d189,스타벅스 이대2호점,스타벅스,양산시 중구 1길 44
cad21d7b-d3cd-4d22-bc54-f024ee5abd3f,스타벅스 행당10호점,스타벅스,평택시 서초구 30길 38
91e1cf0a-2d2d-4e2b-baee-aa04dee4063b,이디야 중곡6호점,이디야,용인시 성동구 30길 9
d5c3b55d-88f5-4d90-9de1-552f4cc8e892,커피빈 반포7호점,커피빈,남양주시 강동구 26길 20
57182120-1241-45df-8b28-5ac757e696fd,스타벅스 상일3호점,스타벅스,인천시 노원구 28길 33
b6191a06-ed50-4a3e-a845-aa08b9c73304,이디야 이대9호점,이디야,청주시 양천구 47길 31
185502c1-4abf-42a4-9f77-8c373c613862,이디야 광장9호점,이디야,제주시 마포구 2길 18
fb5d5514-82dc-4097-b4e6-b4cd5c012c03,이디야 광장3호점,이디야,포항시 성북구 41길 44
26b55767-ee35-4cb5-8ba6-c7a1769e7592,스타벅스 잠실6호점,스타벅스,대구시 금천구 47길 25
618cc86e-f7bd-4088-b230-2536d9cad3a1,스타벅스 방배5호점,스타벅스,구미시 종로구 49길 16
662a1de7-3826-4269-bb34-9231907ec31a,이디야 역삼10호점,이디야,제주시 도봉구 33길 14
ef02bcda-4470-47f0-b3d7-6c751d96ca09,커피빈 명일2호점,커피빈,양산시 은평구 9길 33
2d223d05-9aee-4e98-8a3f-be0b616402ce,스타벅스 건대9호점,스타벅스,광주시 광진구 36길 7
21f8753c-ce6f-4bc8-bd01-2af0b97ecbe1,스타벅스 방배10호점,스타벅스,파주시 성북구 13길 5
26aa991c-5100-4a4b-9603-bf996cdd1afa,스타벅스 능동7호점,스타벅스,수원시 강동구 20길 21
49a8db25-f221-4496-bedb-ce424bbd03e8,이디야 노량진7호점,이디야,화성시 광진구 5길 18
538a8a05-a4f1-4126-8d85-cd629c830296,이디야 군자7호점,이디야,전주시 중구 20길 49
094d6010-ef15-48d6-b2aa-b89772266964,스타벅스 대방4호점,스타벅스,안양시 영등포구 24길 35
d8dab96f-317a-4477-adf0-ab11ae796836,이디야 홍대1호점,이디야,수원시 노원구 34길 30
3717f5dc-57a4-4084-82cf-3d0718624cf3,커피빈 군자10호점,커피빈,광주시 성북구 37길 21
faed2f68-1619-4732-b321-d1523c283867,이디야 사당6호점,이디야,청주시 마포구 28길 33
8d722875-b6ce-4e19-89e4-6afe0bfeeac2,커피빈 오금9호점,커피빈,대전시 관악구 46길 50
08ef20bb-f700-46b4-9afb-59e8fe0437ce,스타벅스 건대8호점,스타벅스,서울시 서초구 37길 40
88cd4501-eb01-45db-9b1c-711d635c8679,투썸 성내6호점,투썸,성남시 서초구 5길 46
9d05860f-6457-4369-ba67-9cb841c6ec4d,투썸 노량진3호점,투썸,원주시 강남구 23길 4
45a19bcb-be85-4464-8a54-2ec4cc6d964c,스타벅스 미아3호점,스타벅스,고양시 용산구 4길 48
e970a038-fb65-4fdb-bc82-37c9c97318d3,커피빈 잠원1호점,커피빈,울산시 성동구 6길 35
d55928b1-ae08-47b1-b230-72ae59fca129,투썸 중곡3호점,투썸,화성시 서대문구 44길 31
26698181-b748-4fff-bda2-62d5544715bb,커피빈 암사2호점,커피빈,전주시 은평구 49길 26
4bd44553-1dac-4085-b814-9e317373a906,투썸 암사8호점,투썸,울산시 성북구 20길 50
4e35e546-b24c-49df-8709-98e8ba8fde5b,스타벅스 압구정7호점,스타벅스,창원시 광진구 49길 13
e7c87996-d506-483b-87b5-235b44c2e76f,이디야 구로9호점,이디야,화성시 양천구 25길 32
e97487d5-1325-4928-a0a7-d6780c11dde9,스타벅스 강일7호점,스타벅스,원주시 금천구 47길 2
9d49aa6f-95cb-4c87-8fff-0f86f895559e,스타벅스 홍대3호점,스타벅스,화성시 동대문구 50길 33
03d2e29c-059d-4a56-b994-9d7e46d18b46,이디야 방배4호점,이디야,안산시 중구 37길 22
fd6508b5-ee8d-459d-9215-2d5eb6dc1cf2,이디야 고척3호점,이디야,부천시 서초구 41길 8
7836caab-3942-4ccc-8fd6-ff4c5b226bc2,스타벅스 군자4호점,스타벅스,평택시 마포구 12길 9
47068c76-05e1-42ec-b627-9075737ef9d7,스타벅스 강일10호점,스타벅스,수원시 용산구 5길 32
57a89f16-853a-4581-b8b3-c21e3481ba51,투썸 문정8호점,투썸,인천시 양천구 19길 32
64af3c30-868d-4a3b-a427-42d4667a48d6,스타벅스 번제10호점,스타벅스,광주시 성동구 43길 6
b8afff43-ff1b-4057-bfdb-ba327b6f44a9,이디야 홍대6호점,이디야,남양주시 종로구 29길 3
cdd3ee8f-2802-4583-b328-2ccfd1a77000,커피빈 삼각산3호점,커피빈,창원시 동대문구 4길 43
5255e8ce-e707-41aa-80d5-46c7143ac5be,이디야 논현3호점,이디야,대구시 송파구 43길 1
18fd946c-32f7-4778-a325-5207a57dbbc3,스타벅스 양재7호점,스타벅스,청주시 광진구 32길 20
e590aa96-7e3b-42f6-a4a1-8d3b2f5dc491,투썸 문정8호점,투썸,안양시 강북구 25길 5
3b0e27aa-4558-489f-b503-3ff1d3773d57,이디야 삼각산6호점,이디야,울산시 강서구 31길 45
80fd1d61-6e6f-46f1-9d32-99a4ae576e02,이디야 미아1호점,이디야,의정부시 구로구 8길 17
6a0c75a7-8aa2-41bf-9f19-f4d1a143102d,이디야 사당8호점,이디야,부산시 도봉구 23길 17
d81e9d23-340a-4522-bc5a-65451d8e3215,커피빈 번제1호점,커피빈,평택시 성동구 6길 7
603ad381-3a9d-4df2-a51f-f8be346e1462,투썸 오금2호점,투썸,부천시 용산구 4길 42
bc697ad4-5a7d-4218-a478-3461d5084cba,커피빈 역삼3호점,커피빈,창원시 송파구 9길 43
41c99fa4-5547-44c4-9148-f6aa059e4437,스타벅스 중곡1호점,스타벅스,천안시 용산구 15길 43
55fac8f2-f4a4-48fc-9bf8-c0288e30abb3,투썸 대치1호점,투썸,인천시 강동구 5길 36
46dafb03-eae8-4748-9a29-6a930052c1d4,커피빈 미아1호점,커피빈,고양시 성동구 28길 50
6b11d760-9997-4de6-8746-92c86768d944,스타벅스 내곡5호점,스타벅스,용인시 동작구 45길 48
3a54964d-9e51-4ad8-900e-763c41c5a68e,투썸 둔촌5호점,투썸,화성시 강북구 38길 1
3bbea5bf-835c-4c8c-a319-9b35e5ec40a3,이디야 가락4호점,이디야,화성시 관악구 37길 38
7c8c2f58-ddba-4e18-ad51-cdd4860d4621,스타벅스 이대6호점,스타벅스,광주시 광진구 44길 13
382d0f9c-5565-43e8-b684-71addddebd2c,투썸 광장4호점,투썸,광주시 종로구 10길 39
ad51ce94-494f-4a9a-ad92-65901924fefa,투썸 방배8호점,투썸,대구시 노원구 1길 26
dba5cd5b-fbaf-4352-86e8-07620a4ca392,스타벅스 마천1호점,스타벅스,울산시 구로구 5길 7
0221598b-d587-4e3a-8800-b07c1a30a146,이디야 번제2호점,이디야,화성시 마포구 16길 35
e53917dd-e7b5-4e20-9a10-5a4d399f0de4,이디야 오금9호점,이디야,수원시 동작구 13길 33
a38dcf9d-8722-4725-8c08-3dbabef39a4c,스타벅스 압구정10호점,스타벅스,포항시 송파구 4길 21
d3742286-08cd-4480-8caf-c5c76589392e,커피빈 고덕5호점,커피빈,제주시 성동구 42길 5
a5d15c13-c992-41e4-a3e5-c19b6e4aec53,투썸 반포7호점,투썸,고양시 성북구 21길 50
0740780c-edc0-4320-b2e9-d897b7856472,투썸 잠실10호점,투썸,대전시 강남구 47길 14
22c9ab2d-2029-4b9e-a0b8-3f115fba6b83,이디야 길동9호점,이디야,안양시 강서구 14길 25
089799b8-da00-4027-832f-d4bd2d1ebfb1,스타벅스 방이5호점,스타벅스,평택시 구로구 17길 49
3c631e2f-122d-45b6-bebc-47cc99f01ac2,스타벅스 미아8호점,스타벅스,김포시 강남구 20길 24
388232e8-4af1-4100-902b-0324136a0e9a,스타벅스 옥수6호점,스타벅스,울산시 강동구 12길 33
1bcf882a-d838-4b27-bf2b-689005c2f354,투썸 삼양8호점,투썸,천안시 서초구 1길 10
e0a66816-4dce-4283-9f66-7b09ff398aff,투썸 문정1호점,투썸,서울시 은평구 4길 47
1b1dd691-8b54-4a71-a352-75d5cdd2a258,이디야 방이3호점,이디야,안산시 성북구 20길 39
c9daf5e5-11ea-4da3-8c56-0067328eac05,커피빈 오륜10호점,커피빈,광주시 강남구 39길 37
d81244e9-1caa-4262-8566-02b60c3693f8,스타벅스 명일5호점,스타벅스,서울시 강북구 13길 20
8940a58d-6b98-4ce4-ae71-1acccc351ba0,이디야 역삼8호점,이디야,의정부시 강북구 35길 40
eeef9616-86f2-472d-9d7d-59bbcfe09c47,투썸 삼성6호점,투썸,대전시 강동구 13길 19
c79ba6a4-1df7-4a6e-a4b4-235c33646b74,커피빈 명일1호점,커피빈,용인시 강북구 9길 3
5e28d1e9-c3ea-4371-b7b0-3b53443e83ce,커피빈 성수6호점,커피빈,천안시 광진구 38길 32
1c710ae9-bdec-4af8-9da5-fba55a2f629d,이디야 오금3호점,이디야,고양시 중랑구 5길 13
9e903a37-e854-4a5d-b278-b1f34840ec7d,투썸 오륜10호점,투썸,울산시 강남구 16길 37
8e48937a-b913-47f4-ae34-659824a72d6e,투썸 성수8호점,투썸,서울시 마포구 11길 17
06fdc741-4ddd-4fc3-ac3e-6a9122bf3d85,커피빈 오금6호점,커피빈,고양시 마포구 47길 45
20320f44-4bb2-4f6f-b14a-6a46b7ca9af2,이디야 문정3호점,이디야,고양시 서초구 46길 50
bbf35c7b-d273-4cf3-8951-b914f5428672,스타벅스 사당2호점,스타벅스,광주시 관악구 41길 6
d2ff7a9f-10ae-4e0b-aacf-026ef8a6a794,커피빈 논현10호점,커피빈,대전시 영등포구 43길 21
6183b84e-9aa3-4cc6-a550-312a4066b770,스타벅스 둔촌7호점,스타벅스,울산시 강서구 30길 38
bfa256b3-6b37-4201-bcca-5c9016c0490c,커피빈 대치5호점,커피빈,양산시 서초구 49길 10
1f37b7d4-517a-48a3-94b7-099300af9681,스타벅스 둔촌5호점,스타벅스,수원시 강동구 25길 39
9d6912fb-119f-4c78-8f73-b84b1c3f1aee,투썸 압구정6호점,투썸,용인시 강서구 41길 5
ede57025-64b9-4ca8-907e-861bb5dda7f8,스타벅스 오금10호점,스타벅스,제주시 송파구 32길 13
dbb156c8-fd41-43d7-aaca-99e81c9ff577,이디야 송천1호점,이디야,청주시 서초구 43길 41
80db687d-b8ca-4085-8591-a42743dd8963,커피빈 구의2호점,커피빈,평택시 관악구 13길 24
0d84f0ef-c278-4b59-8073-25592dbaa713,이디야 마천7호점,이디야,남양주시 동대문구 14길 9
287c5cef-b23b-4fcb-bd8c-ea510710879b,이디야 구의4호점,이디야,원주시 성동구 7길 48
0d211f19-d339-4171-83cb-fd00e4dd3e15,스타벅스 양재4호점,스타벅스,안산시 중구 43길 4
f827b9c8-e157-4560-93ce-7189b7a67c82,커피빈 길동6호점,커피빈,인천시 송파구 1길 36
8c484a4e-c11a-412f-a30f-8b40077d4c74,커피빈 대방10호점,커피빈,부산시 성동구 40길 41
19b1bc1e-33f7-46f7-85af-3cb4e6cc35b9,스타벅스 압구정5호점,스타벅스,부산시 서초구 10길 22
c809bd66-2615-4e3e-89e7-833ada0f20fa,스타벅스 성수2호점,스타벅스,창원시 동대문구 23길 29
fd57bb03-51b9-42ea-a4d7-e18d714ceccc,이디야 압구정5호점,이디야,안양시 강서구 20길 11
0733b952-9baa-4a78-b16a-d2c0f1cc9a58,스타벅스 번제5호점,스타벅스,안양시 동작구 2길 31
00fd8e04-0e38-4b66-b560-ac7d67b1b8f5,스타벅스 화양1호점,스타벅스,제주시 영등포구 27길 42
d960ce35-e722-465b-addd-6c3c34259dde,투썸 이대6호점,투썸,김포시 금천구 6길 33
2cc14f09-22fe-4e36-9df7-f07627d4ee2a,스타벅스 성수7호점,스타벅스,광주시 송파구 25길 50
46637d08-c3b8-4be7-b0fa-da1852b0eb5b,스타벅스 상일10호점,스타벅스,성남시 종로구 9길 48
63e8b0b8-cf10-4c2a-a672-c32c77a6b4c0,스타벅스 이대10호점,스타벅스,용인시 동대문구 19길 20
0207bdd9-4906-4406-aaf0-c96bc7ce0b60,스타벅스 방이1호점,스타벅스,의정부시 용산구 16길 35
f524c70f-d865-4308-bf92-1a931ebf2280,이디야 압구정9호점,이디야,대구시 동작구 30길 26
7fc63d6a-bc39-4363-a8a1-e7fa5ae70e88,스타벅스 군자6호점,스타벅스,평택시 동대문구 26길 33
7a04c840-be15-4670-b59d-b482c4e68222,투썸 송천9호점,투썸,안산시 성북구 50길 36
3d23400a-7db5-46ae-94ef-d2db7b30f44f,이디야 암사5호점,이디야,용인시 양천구 33길 2
5331f99b-8510-4712-a653-e335a27bdec0,투썸 군자4호점,투썸,포항시 강동구 37길 43
28b36534-f565-47fc-9590-a2a266dc5030,투썸 노량진3호점,투썸,안산시 중랑구 26길 19
0a4fd9b9-8400-4203-ba1b-9bd6f7142d9f,이디야 마천1호점,이디야,전주시 성북구 9길 10
3b13512b-2d38-4b08-aaa0-a51395dcf481,투썸 이대5호점,투썸,양산시 중랑구 36길 12
47c92701-2a40-40ff-917e-d26c0c97937d,투썸 성수7호점,투썸,서울시 도봉구 49길 17
75e7aeef-7467-4e68-973e-5ccb683fa693,이디야 중곡10호점,이디야,고양시 금천구 20길 45
22e4913e-b473-483e-b8d9-2f67e1112d70,이디야 구로8호점,이디야,부천시 동대문구 21길 49
725acc82-ba7a-4217-9b48-2b5ecd4d8c36,이디야 광장9호점,이디야,대구시 은평구 50길 1
88a38069-ea15-40ef-a24c-44eec8825b8e,스타벅스 중곡9호점,스타벅스,남양주시 강북구 9길 23
e3fd3552-90e2-4533-990e-75da9e6bfb8b,이디야 수유1호점,이디야,안양시 구로구 25길 36
71cf69c9-8d85-4be6-8911-41f058c45358,이디야 잠실10호점,이디야,대전시 관악구 40길 11
48ed8167-d9e7-4929-bd04-85f564398b41,투썸 논현1호점,투썸,남양주시 성북구 16길 24
2da09ac8-623b-4b2b-8990-94e1b52bae99,커피빈 번제10호점,커피빈,포항시 관악구 4길 45
fdbcbd76-657e-4e33-a2c6-c4bde4a5728c,커피빈 구의7호점,커피빈,의정부시 양천구 1길 33
e28554b2-8bfa-4068-a0dc-2c963e474a51,투썸 노량진6호점,투썸,창원시 서초구 25길 19
99c9cc9d-2e99-40b8-961e-08ad1cb94707,커피빈 이대6호점,커피빈,천안시 강남구 1길 35
0c78e61f-2c87-467d-a827-91873ac27785,스타벅스 압구정6호점,스타벅스,안산시 양천구 7길 1
59868565-b7e7-4707-ac3e-45460e1cb10c,투썸 홍대8호점,투썸,남양주시 동대문구 47길 33
ab18fc56-277b-4458-bb65-18e443185085,이디야 오금8호점,이디야,창원시 광진구 37길 46
ede492d3-0f8a-4288-bc19-5877f0706685,커피빈 길동2호점,커피빈,청주시 중구 29길 4
a5b95363-1630-42f8-a398-1b1b09271018,투썸 광장6호점,투썸,인천시 강서구 49길 39
1b536a3e-2fdf-4728-b0c0-b8a23aa8587f,투썸 역삼3호점,투썸,용인시 강동구 2길 27
be470a17-6d3e-45bf-8ea0-c82f2a1ca53a,이디야 방이10호점,이디야,청주시 노원구 30길 19
cde74019-d7e8-479e-a148-f1e4106bed3e,투썸 방이4호점,투썸,수원시 종로구 48길 25
0b75f21b-b53a-4dc6-a5bd-e3e6a92c8e76,이디야 이대10호점,이디야,제주시 서대문구 19길 23
b649a296-4ea3-464e-be3a-0cfac2f8ea47,투썸 삼성8호점,투썸,제주시 영등포구 3길 10
8f9dbbb7-460d-4be0-bd44-a1e00295c2db,커피빈 송천3호점,커피빈,청주시 금천구 9길 50
a1b58e86-9d39-49b0-b647-41cda43e2e70,이디야 능동4호점,이디야,대구시 관악구 40길 36
775065b8-1fa6-498d-af40-4053d764c6ac,이디야 오륜2호점,이디야,포항시 구로구 16길 22
cab2de30-1b0f-45f4-a57d-0065d8704240,커피빈 삼양2호점,커피빈,수원시 성북구 29길 9
7c58a453-4b11-469f-89da-b5ac446d677c,커피빈 금호10호점,커피빈,대구시 중랑구 13길 43
5171ab19-b12a-41ef-b5be-807150d6befd,스타벅스 잠원4호점,스타벅스,성남시 송파구 13길 34
8e2344a0-11b0-4109-9f44-d8fd907e50bd,스타벅스 송중4호점,스타벅스,원주시 강남구 15길 10
0f4fff79-6533-4e3c-afed-213dcecb65e4,커피빈 명일2호점,커피빈,청주시 동대문구 43길 31
940dd4bb-0eae-4eda-88a0-fe1cface634a,투썸 방배10호점,투썸,의정부시 강북구 29길 24
45c27888-5c4d-4b4a-8b78-59766c83749b,이디야 광장4호점,이디야,김포시 광진구 44길 3
60d05f90-512d-45b6-8891-2b5ff8cae836,투썸 노량진8호점,투썸,의정부시 서초구 25길 22
17f553a5-6fce-4918-9ee3-c750bdf75b36,투썸 옥수9호점,투썸,부천시 중구 39길 23
d04de0a7-1d12-4201-912a-07ba526e6cdd,스타벅스 구의8호점,스타벅스,부산시 광진구 25길 5
2a9384f9-d433-4463-9187-3147f346c063,이디야 구로9호점,이디야,남양주시 중랑구 50길 3
5d64fa27-c06e-4dd2-b611-ca4197586cc3,투썸 명일6호점,투썸,대전시 강동구 3길 40
4503076f-de51-4ddd-b1d6-c006ec6a3642,이디야 길동3호점,이디야,포항시 동작구 40길 9
fe60e702-d580-4ac1-899f-cfc16ce20023,이디야 사당2호점,이디야,남양주시 구로구 30길 16
7776230c-b808-41e0-9300-b0497bd1e2a0,커피빈 성내8호점,커피빈,원주시 강동구 20길 18
307aac2e-674e-42b7-88fa-3f00c99a7528,스타벅스 용답2호점,스타벅스,양산시 송파구 21길 24
13784dd2-9598-463e-b1bd-a4b4a182e313,스타벅스 번제5호점,스타벅스,구미시 강동구 9길 47
b8a2e057-50ee-41ad-a662-707123d4a49e,이디야 명일5호점,이디야,서울시 금천구 32길 34
5e35c456-468d-450b-a710-b36a4af21837,커피빈 반포3호점,커피빈,서울시 양천구 43길 43
70f0828c-1bf3-40f7-a25f-43285c25ccc5,이디야 양재7호점,이디야,성남시 강서구 5길 28
ee0f7106-13f8-42d8-a733-a50e653d6728,스타벅스 번제10호점,스타벅스,의정부시 성동구 50길 36
af460ae7-6ba3-4d5f-9bc8-351c64474ba4,이디야 역삼10호점,이디야,부산시 중랑구 11길 23
c11abbf0-6b23-4117-8e68-f4c4a590e1b9,투썸 번제7호점,투썸,광주시 강동구 25길 39
a44327e0-a22b-48a4-84d5-e1a5b2c4dc2e,스타벅스 광장1호점,스타벅스,창원시 양천구 41길 11
b80722ef-7d59-4158-a209-7dadeebf692e,이디야 삼양8호점,이디야,광주시 서대문구 5길 18
72642dcc-c715-4526-a46c-78151967b9f5,투썸 명일3호점,투썸,부산시 노원구 19길 16
ccec2f99-b536-4cfd-ae13-1a6c4f3833d6,스타벅스 양재7호점,스타벅스,양산시 도봉구 33길 23
c99f2bc2-16a3-48fa-a645-646645c81063,커피빈 마천10호점,커피빈,제주시 관악구 5길 14
0d348b51-2ba4-4d9a-965f-47446a50bcb1,스타벅스 용답2호점,스타벅스,시흥시 동대문구 7길 40
eda42e03-ddba-416d-8f2b-0c955beb32ae,스타벅스 능동9호점,스타벅스,김포시 마포구 14길 35
ecd0c05a-0960-4b51-b7a6-8d836f3a85a0,투썸 용답3호점,투썸,구미시 성북구 36길 25
3e0331a2-99ce-4725-8fdd-826c78e88242,스타벅스 삼각산3호점,스타벅스,파주시 금천구 14길 15
d13f5cfb-0fba-4fa6-b474-31f05cec19ad,이디야 문정10호점,이디야,부천시 용산구 7길 1
3f4fd33b-2786-4811-bc4d-788044126383,커피빈 번제1호점,커피빈,대전시 광진구 25길 18
3ce7caf4-b79d-4c06-acd9-200df57d0361,커피빈 금호7호점,커피빈,대구시 강서구 38길 38
ea5be07e-6d0e-4841-bb3c-45216b95cf5d,투썸 노량진4호점,투썸,수원시 중구 49길 15
413c1d32-6a3a-4da6-a355-64cf80a31f19,커피빈 홍대6호점,커피빈,의정부시 강북구 22길 16
eadcf98f-4829-47d5-ba06-5cfcf25c04d6,스타벅스 오금3호점,스타벅스,화성시 강북구 47길 10
52951c3a-162c-4856-be47-2e1d720afa3a,커피빈 강일5호점,커피빈,양산시 중구 5길 41
24eecaeb-e3a0-4737-a89f-a374a2a3c440,이디야 중곡4호점,이디야,화성시 강남구 23길 42
d7e0b08c-e820-402e-978e-3b5a93f064c7,커피빈 금호9호점,커피빈,제주시 은평구 3길 49
8352e8ef-5d29-4f2f-b484-7a2904a823ef,커피빈 풍납2호점,커피빈,창원시 성북구 40길 37
207c339e-b124-410f-a39c-ff68dfb0ef31,스타벅스 송중9호점,스타벅스,창원시 성동구 7길 15
753ffdfd-afb2-40f1-849d-89d2efb59ab3,스타벅스 사당3호점,스타벅스,파주시 용산구 1길 42
70bc5d8a-d82f-4f56-b88b-48b81da9f92f,스타벅스 송천7호점,스타벅스,청주시 양천구 33길 41
b6494172-02bd-4b10-9a69-bb499d049cac,투썸 문정1호점,투썸,광주시 동대문구 20길 19
ef7b7c02-d251-440f-914c-66abd80d5b68,이디야 이대10호점,이디야,평택시 양천구 49길 3
047335bd-2c3e-4d38-97e6-389e394b4f55,투썸 구의9호점,투썸,성남시 은평구 15길 42
e77a11c1-792d-4cf0-8410-2a8498bd2b96,투썸 풍납2호점,투썸,대전시 강동구 19길 12
ef85fcf1-216a-4866-b51c-9048540eb2f3,투썸 천호4호점,투썸,안산시 용산구 48길 14
5f7b60f9-b10e-43dc-9741-c7ec288ed100,스타벅스 삼성1호점,스타벅스,원주시 노원구 40길 24
ad1ac0d6-0dcc-4b8f-b157-a03ed9143891,커피빈 건대1호점,커피빈,울산시 강동구 14길 29
767d3bfe-e7cf-4560-9549-cc6f716468d0,스타벅스 구로1호점,스타벅스,파주시 마포구 47길 12
ff364c0d-9637-41aa-8e34-853e6dc6161c,투썸 압구정3호점,투썸,양산시 영등포구 46길 34
685ef712-c715-45b1-a4de-42b0ac637ace,커피빈 송천6호점,커피빈,시흥시 서초구 50길 20
f3a2cbbc-8e5a-4d85-afbf-aff4880dd1bd,커피빈 왕십리5호점,커피빈,김포시 서대문구 26길 23
6d3213e9-7089-4434-a4b1-726f0f54edd1,커피빈 성내2호점,커피빈,고양시 노원구 2길 28
2edd9abc-6d57-4738-bcfb-c4f3036b1a20,커피빈 건대3호점,커피빈,천안시 성동구 19길 6
ee0c42c4-5ddb-4840-8fb0-aff951d8e47d,이디야 노량진7호점,이디야,용인시 강서구 44길 14
05a5c6b5-7183-4594-a1f4-4aec3879fd0a,커피빈 고척5호점,커피빈,남양주시 동대문구 50길 2
2131f4ad-dcbf-436d-a460-6aa418875cd6,커피빈 성내5호점,커피빈,안양시 강남구 9길 37
04976009-d2b3-4687-af71-d35e6c910a04,투썸 삼성9호점,투썸,구미시 송파구 32길 39
5ab4610a-4790-4f59-8f31-d36feccbfc06,투썸 송천4호점,투썸,양산시 강북구 9길 48
ebd78327-e8b1-4ddc-8d8b-b3c8a53a8a44,스타벅스 대치7호점,스타벅스,안양시 광진구 44길 46
3bc7677e-db22-4262-b2cb-6bd86cb087bc,이디야 내곡1호점,이디야,양산시 중랑구 47길 37
f7c09c58-918a-4a8b-9fa9-f2db1257f368,투썸 중곡2호점,투썸,광주시 강서구 16길 15
df90abec-f5a4-44bb-bfd1-94d52e0f814c,스타벅스 오륜4호점,스타벅스,구미시 종로구 43길 16
41283eaa-3f1b-4980-9029-ff7ccf37b2d2,스타벅스 역삼9호점,스타벅스,부산시 성북구 26길 49
8365f4e9-516a-4597-9256-cbea654d38b0,커피빈 강일5호점,커피빈,남양주시 강동구 9길 40
561e7b30-86cc-4bd4-9cb7-7e92239b2c8e,투썸 양재7호점,투썸,평택시 강남구 14길 25
3d6a5639-7b6e-4fdc-ad33-04e448e151bf,커피빈 대치4호점,커피빈,청주시 구로구 21길 15
ecb5187f-9121-4d58-b48d-67283fff457d,투썸 옥수4호점,투썸,김포시 영등포구 8길 25
8d4f9ce6-7eb1-4665-b927-92056c0e681a,이디야 구로2호점,이디야,대구시 종로구 43길 41
679704a6-c36e-4863-8709-644c1a03986a,이디야 중곡9호점,이디야,천안시 서초구 2길 39
80b01289-3615-4d95-bf89-61bac7716517,커피빈 방배2호점,커피빈,원주시 서대문구 25길 26
255bcdb5-9b7f-42c0-9f8e-a6c667dc1e03,커피빈 잠실4호점,커피빈,부산시 양천구 4길 18
7196b869-70e7-41d7-92c9-5dc287bb32d3,커피빈 논현9호점,커피빈,안산시 성동구 17길 10
b06aa966-6043-47c2-8509-f81deea1db5b,투썸 성수1호점,투썸,시흥시 중구 18길 38
0c2f5fb9-b948-42f3-807f-6b2fbaf09c1a,투썸 옥수5호점,투썸,포항시 성북구 15길 30
dfde62b4-446b-4dad-bb78-f5d9be205216,투썸 둔촌3호점,투썸,울산시 서초구 45길 37
29446024-e74f-4daa-ae80-329056b6e22f,이디야 오금1호점,이디야,울산시 종로구 27길 24
39a2b133-ee9e-45dd-9b06-0335f9b1d156,투썸 삼각산7호점,투썸,원주시 강서구 34길 24
298eb2df-34e2-498d-8f71-10f999748100,투썸 역삼8호점,투썸,성남시 강남구 45길 2
de12c41b-ae78-4104-b061-dfc6b8533169,투썸 송중9호점,투썸,청주시 동대문구 46길 42
9176a617-1b2f-4068-8e26-b8b731ed0194,이디야 고척9호점,이디야,김해시 구로구 19길 20
bbcda1e3-b665-40b8-afce-e973558d2d88,투썸 길동9호점,투썸,청주시 노원구 8길 13
efef18f1-2699-400c-80d3-4ce0664918e9,스타벅스 문정5호점,스타벅스,고양시 강서구 2길 25
5ffe51b3-5fa3-4f24-9a4f-a3a43e0a05fa,스타벅스 능동8호점,스타벅스,김해시 광진구 2길 24
e1abf633-b210-4e66-9042-ddf3f9752466,투썸 광장7호점,투썸,서울시 영등포구 44길 28
76aef99b-ddd6-4e58-8f9f-2605f7126ce4,투썸 둔촌10호점,투썸,구미시 은평구 32길 9
75214270-0dd1-4751-8374-9e0c1e008f1a,투썸 노량진9호점,투썸,서울시 구로구 37길 44
f2edc180-6f91-4a2e-bbe3-ac6a083eb5e8,이디야 가락4호점,이디야,평택시 영등포구 9길 43
3d7a08b3-20ca-42f2-870e-0dd354738b1d,투썸 오금10호점,투썸,구미시 동작구 39길 21
b60faec8-4d77-4a81-b0df-24e47f48cc40,투썸 군자7호점,투썸,안산시 용산구 4길 31
608b4c27-164b-4222-832d-8992e6c40b00,스타벅스 논현4호점,스타벅스,수원시 구로구 15길 42
2aabb592-5864-48c3-90a1-e50efc1e7a65,투썸 고덕2호점,투썸,서울시 은평구 27길 27
9d8bbf29-f733-4240-988d-c58663ae35e5,스타벅스 미아7호점,스타벅스,김포시 은평구 21길 47
2fb28857-408d-492c-bbb8-ecf06476e9b4,투썸 수유3호점,투썸,포항시 마포구 28길 30
3be148df-32e1-445d-987b-cbca8d5f4d55,스타벅스 오금1호점,스타벅스,김포시 동작구 34길 19
da8c232e-9c97-4f96-8080-613feff8ab01,투썸 노량진7호점,투썸,청주시 은평구 5길 42
5d1b2b11-9d6c-46fd-8fb5-a19bd33153a0,투썸 번제6호점,투썸,구미시 강동구 34길 11
d1ea5a95-c428-4c19-981a-5fb5ddf67023,스타벅스 중곡1호점,스타벅스,광주시 강서구 9길 14
8f427db6-b7b4-4f4d-8003-79d54eb3a342,스타벅스 양재4호점,스타벅스,안양시 양천구 6길 29
84b5e2d3-4fd0-4e21-875f-635de708e31a,스타벅스 왕십리6호점,스타벅스,김해시 관악구 33길 12
0e3700cd-66bb-43a7-acf0-ca7e4a149f01,스타벅스 논현2호점,스타벅스,시흥시 강남구 34길 11
140c2add-95fa-44b5-931b-9837e5f55375,스타벅스 건대6호점,스타벅스,용인시 강남구 31길 46
03a0921c-709c-4a12-b8a4-1e2d28d5a189,이디야 고덕8호점,이디야,안양시 도봉구 16길 40
1e793380-5729-425b-ab49-ab0d21385a6f,투썸 반포7호점,투썸,안양시 동대문구 3길 48
6dfb763c-867d-41fe-a6fa-3c93cb752efc,이디야 둔촌8호점,이디야,파주시 강동구 29길 8
556770a2-8648-4e52-a430-5f9f3eb5b9a6,스타벅스 고덕3호점,스타벅스,파주시 성동구 43길 31
54b46c31-9ef0-4bd1-a90c-778c59041427,이디야 능동8호점,이디야,남양주시 광진구 25길 17
159897bf-cc32-49cc-8609-4b3d4db11523,커피빈 마천4호점,커피빈,남양주시 구로구 22길 49
4c5afb3d-d97f-4841-ac0f-5fb15f0307b4,스타벅스 풍납9호점,스타벅스,원주시 서대문구 45길 19
25d04ac4-912e-4a18-97be-0dae9337de54,투썸 군자5호점,투썸,부산시 성동구 8길 35
d74851f5-dd97-4460-814c-1de025adcbf1,이디야 광장3호점,이디야,평택시 강북구 43길 21
b4140d86-79b6-401a-bb14-372e9d2dc726,투썸 명일6호점,투썸,시흥시 성북구 3길 6
a30db304-ca87-4b4a-b32c-e85adbddcf05,투썸 송중7호점,투썸,인천시 중구 26길 21
a5578539-3064-48a1-b199-0d86638a06af,스타벅스 번제9호점,스타벅스,구미시 서대문구 4길 32
2b2f7883-c901-48a5-8130-cf032fa1c32f,투썸 방이1호점,투썸,양산시 성동구 25길 49
43978179-798a-4e50-837e-5a28e1d197bc,커피빈 반포1호점,커피빈,구미시 송파구 4길 20
ea83ae5f-7ffe-490d-a8d1-e113fb3e4fde,스타벅스 번제3호점,스타벅스,울산시 양천구 16길 27
6f38c542-e15e-4086-9659-9ef3f2f6399c,스타벅스 잠실2호점,스타벅스,인천시 강북구 17길 15
68495c9e-a348-499e-889b-3255c117a4d9,투썸 잠실4호점,투썸,파주시 송파구 22길 29
44764d61-0f01-49a4-85c3-92d69473d6b9,투썸 옥수2호점,투썸,의정부시 서초구 24길 50
ae164fb6-724c-4261-8bbc-ed94ffe6c865,이디야 구의7호점,이디야,안산시 강남구 43길 5
b1ce3472-cc07-4e73-a0f6-a47109993eba,투썸 성수6호점,투썸,서울시 강북구 12길 5
ee60177a-db02-4581-87b1-10916f60d050,투썸 옥수7호점,투썸,인천시 서대문구 42길 1
cf7dccfa-7f0b-49d2-aa84-981b99f78c3d,스타벅스 구로5호점,스타벅스,남양주시 강북구 47길 28
0b914ca2-1ec2-4726-8bef-a28747de2ac2,투썸 송중3호점,투썸,남양주시 마포구 2길 18
2da9d8d2-947e-4ff9-ae90-f2cf466acc1c,투썸 방이3호점,투썸,평택시 용산구 3길 47
5b7712a3-8b18-4e55-93a9-6b77651b7361,스타벅스 번제5호점,스타벅스,김해시 종로구 7길 24
33084bc8-a40b-43f7-a88e-be07388fe928,스타벅스 성내4호점,스타벅스,제주시 용산구 16길 31
8baec4ea-77b3-4852-9883-9bbc5e4a3912,커피빈 오륜5호점,커피빈,남양주시 관악구 45길 40
4611ff81-e66c-4eb9-b6b9-d6c557bc93e9,스타벅스 금호6호점,스타벅스,인천시 서대문구 20길 42
8e38f547-c983-4d1f-b3d6-be6b4b17ffa3,투썸 논현10호점,투썸,안산시 마포구 46길 40
299a04bc-4046-44f5-99f8-540ce7eda4d6,투썸 용답1호점,투썸,창원시 강서구 22길 32
44359638-f200-43c5-8c62-852c1c4776cb,스타벅스 삼양9호점,스타벅스,파주시 금천구 35길 22
c94345e5-8dd2-4744-b2fb-80357514f861,이디야 송천4호점,이디야,대전시 도봉구 20길 21
c28bf3a8-2974-43a9-a5e2-0d6f50940a18,스타벅스 명일8호점,스타벅스,청주시 마포구 26길 29
331c880b-a0b7-4624-879a-6495f5d8447e,투썸 홍대2호점,투썸,전주시 금천구 38길 41
a2cd6523-bd2c-47a9-8dfa-88557ad32302,스타벅스 잠실5호점,스타벅스,서울시 강북구 4길 11
1ff13ea2-2a49-42ae-8c44-d08d895801db,커피빈 양재6호점,커피빈,의정부시 관악구 16길 21
ba2f14ae-0a6e-4e6a-b6d3-cee35e8a0d69,투썸 고덕4호점,투썸,인천시 강동구 1길 44
fd441895-534d-4469-b7e7-8a5ba28dfa95,이디야 구로4호점,이디야,전주시 구로구 35길 25
8c06d414-3a74-44df-8630-0c623054cb3f,투썸 미아7호점,투썸,평택시 금천구 2길 28
afc797ab-bf5b-4d1e-a072-35e9e8cac8cd,커피빈 왕십리8호점,커피빈,김해시 성동구 7길 42
03e10564-2c86-463a-bb02-53e9318b8ffd,스타벅스 암사6호점,스타벅스,화성시 중구 37길 14
cb95c834-2799-41af-bdc5-df53405968a4,스타벅스 천호2호점,스타벅스,서울시 도봉구 36길 47
26442192-c760-4dc8-9e26-60b729aa61ba,이디야 역삼1호점,이디야,김포시 관악구 38길 4
784a8f19-1dde-4af0-858f-dec35d2cc707,커피빈 광장2호점,커피빈,대전시 구로구 23길 45
05ed61fb-deee-4260-b668-92956997609f,투썸 길동10호점,투썸,울산시 노원구 28길 38
d9bb39a1-6e6c-41c9-b5e7-eb009eddc4c9,커피빈 논현1호점,커피빈,수원시 성동구 25길 5
9e34821b-4acc-49d0-9f94-ea82e4d4557e,투썸 상일1호점,투썸,파주시 서대문구 3길 11
2e029886-287e-44dc-b11c-0a42b67c6af2,이디야 번제8호점,이디야,파주시 송파구 12길 13
09270095-b950-4eaa-9e91-1530908d79e6,투썸 양재1호점,투썸,김포시 성동구 34길 8
e145592a-0b02-4cad-a419-d9592afb5117,투썸 송중5호점,투썸,파주시 중랑구 23길 19
1a45471a-1cc2-404f-9554-1110f7a19d6a,이디야 방배5호점,이디야,울산시 양천구 22길 1
f56ddc76-6875-4d01-810d-3353b6bb5ad9,투썸 옥수8호점,투썸,광주시 성동구 8길 37
14d7681d-3d42-4466-a6c4-3ac717dcd726,투썸 행당8호점,투썸,수원시 양천구 48길 38
a532d433-1cfb-4706-98aa-138cc6aa647a,스타벅스 송천4호점,스타벅스,대전시 강서구 45길 8
8e49cc92-29d2-43cd-a4c0-f61328370ee9,스타벅스 옥수1호점,스타벅스,대구시 은평구 12길 26
51bb4bd9-8710-4886-b469-a6571c1fbd70,커피빈 마천4호점,커피빈,안산시 노원구 17길 17
c80ab478-940f-4f2e-8f77-c9f227b7d2ef,투썸 신사1호점,투썸,제주시 송파구 40길 33
59e99894-4613-42d7-be7b-65971c9425cb,투썸 역삼9호점,투썸,인천시 동대문구 40길 41
26ae2a03-dda4-41a1-b193-0607164d2a4f,스타벅스 내곡7호점,스타벅스,광주시 성동구 29길 15
b11b7302-1a7b-48c7-be56-922398676d06,커피빈 수유3호점,커피빈,대전시 은평구 11길 33
c81645b9-cfb5-45c3-8658-b40b0f90a29e,스타벅스 대방10호점,스타벅스,김해시 성동구 44길 23
384e873e-9be7-4fad-bb1b-bfdb18475073,커피빈 미아4호점,커피빈,부천시 동작구 15길 28
0e1668cb-6ff9-4b0e-aa7c-05f308157187,투썸 고척7호점,투썸,서울시 강서구 44길 11
f6fd6c6b-4516-4a55-b7e7-16f801658fe2,스타벅스 중곡1호점,스타벅스,수원시 강동구 1길 44
9e52786a-3d96-4ff2-8c55-19bc4ce68e22,스타벅스 압구정7호점,스타벅스,인천시 강남구 44길 3
0d085f5b-4b2c-4274-a00c-f544e8465512,투썸 능동8호점,투썸,광주시 구로구 35길 48
abcfba2a-7b03-4bad-84ae-522fcf7bf0ae,이디야 옥수7호점,이디야,제주시 서대문구 30길 25
0c65bc42-aa6d-4b8c-9526-797e36c5c493,스타벅스 번제6호점,스타벅스,제주시 도봉구 43길 20
113211b9-f793-4669-bc75-01ad21ba4f18,커피빈 송중4호점,커피빈,청주시 동작구 44길 41
fdfae4b3-fb56-452e-bead-f4c8f891b9f7,커피빈 명일1호점,커피빈,부산시 종로구 6길 46
1ecfc976-e74b-43bc-80db-2343b23e5f12,이디야 명일8호점,이디야,양산시 성북구 20길 39
c8f6dfd4-6450-4745-be35-62b0bf658ea0,스타벅스 행당8호점,스타벅스,남양주시 관악구 19길 26
fbd134ff-1cca-4d03-a622-ef845f276ad3,투썸 삼양3호점,투썸,부천시 강서구 22길 4
9f1b99fe-ffbe-4f59-a0d0-47dcb6b046ab,스타벅스 수유4호점,스타벅스,제주시 마포구 9길 7
abd1c9c6-5902-4376-a613-4ac08e4dc3f5,커피빈 천호9호점,커피빈,성남시 강남구 10길 11
8084dc82-f22d-4c20-82b6-ce5f4b17ffdb,투썸 구의10호점,투썸,울산시 도봉구 20길 47
bd5bd919-0d3e-4570-a8a8-840b4c102f0d,커피빈 삼양4호점,커피빈,청주시 은평구 46길 13
638c9b9f-d888-4204-9591-409b48cabbd1,스타벅스 송중6호점,스타벅스,김포시 용산구 2길 31
af5d2cd1-3418-4c7e-9bb3-2aea72177ff1,이디야 삼양6호점,이디야,전주시 노원구 27길 42
23da94cd-80f3-40b8-b912-6e8a8b710573,스타벅스 이대9호점,스타벅스,남양주시 광진구 2길 9
33d9b541-68c2-48d6-913a-7929979955fb,커피빈 논현8호점,커피빈,천안시 마포구 49길 32
c3e65fe8-f21c-4fb7-aee8-8f6a68d06680,이디야 행당6호점,이디야,김해시 중구 1길 19
c426413e-7335-416f-ac5b-070581b216b2,스타벅스 강일6호점,스타벅스,용인시 동대문구 1길 12
dea0b4b7-c5a6-4448-b3d0-d61d20d74beb,이디야 방배10호점,이디야,원주시 용산구 47길 20
8981717c-e841-47e9-9fa0-cf106d579b42,이디야 능동1호점,이디야,전주시 영등포구 30길 14
31b24fc7-f4d8-49f8-bb60-125340ddda23,스타벅스 화양4호점,스타벅스,남양주시 송파구 48길 43
d6a08b23-b604-4a70-bf2b-c1cab6e56d1a,커피빈 구로6호점,커피빈,인천시 은평구 47길 20
7fdc18db-286f-40e9-9f4a-e91b6ae998dc,스타벅스 옥수10호점,스타벅스,원주시 서초구 40길 48
c48a9cbb-d27d-4466-92ce-1990b979fc9d,커피빈 용답1호점,커피빈,광주시 은평구 24길 44
d18cbd2f-bc1a-4547-9ba5-fce15ed383b1,스타벅스 상일7호점,스타벅스,남양주시 강남구 1길 46
e92d633f-804a-425d-8a66-f9d88eeed353,투썸 풍납7호점,투썸,포항시 서대문구 14길 5
5781a2cd-134a-48d9-b14d-778a3c87157d,스타벅스 신사7호점,스타벅스,수원시 서대문구 24길 48
7ef06f19-1fb5-43c3-8a88-1aab56e9dab9,커피빈 반포7호점,커피빈,파주시 성북구 41길 44
ef7ee236-1b17-4140-be59-331a7ab47d64,이디야 내곡2호점,이디야,서울시 강서구 3길 50
991f68fb-6045-4b61-ac8f-b2630d92d0da,스타벅스 오금1호점,스타벅스,부천시 마포구 2길 43
ccdf3811-d5d7-47d4-8632-5f700a799332,이디야 논현2호점,이디야,대전시 서초구 14길 25
b75cd5cf-d0b3-47a0-9f49-ab6029776db1,이디야 미아1호점,이디야,전주시 은평구 20길 7
6ff85ba1-3852-4f67-b125-ddc0276c16ee,투썸 대치8호점,투썸,양산시 동작구 15길 45
87466888-363e-44f0-9d5f-de563651aab8,투썸 방배4호점,투썸,서울시 강동구 12길 27
f2765e1b-94ab-48ba-b257-164b2bd91b27,커피빈 대치9호점,커피빈,광주시 강남구 24길 16
1a597a62-78f0-4652-a0fd-ab81f757306f,투썸 암사6호점,투썸,광주시 구로구 38길 37
b85f58be-2167-4e98-85c1-3c22429c5819,투썸 길동5호점,투썸,김해시 중랑구 1길 6
55cef0a3-aa78-4c66-8f73-2e7fddc5cf17,스타벅스 잠실5호점,스타벅스,남양주시 서초구 3길 12
79eaef7c-bd64-4b5d-ae85-78b91d6a921e,이디야 둔촌3호점,이디야,양산시 노원구 33길 22
8aaa56ba-95a8-4ca0-90c0-eaf47cff09d1,투썸 오륜10호점,투썸,김해시 중랑구 44길 9
e03ded7a-fbde-4d29-9b43-a8907a235e50,스타벅스 마천6호점,스타벅스,구미시 관악구 13길 5
a59f1e1a-adcd-464d-bf28-03c0d48c04ff,이디야 방이10호점,이디야,김포시 도봉구 35길 45
b162f6de-532c-4d6d-9f30-11c8849cfe34,이디야 이대8호점,이디야,의정부시 노원구 47길 48
79da0f14-2a8f-48d6-8a73-b691961fec9c,스타벅스 옥수2호점,스타벅스,광주시 서초구 29길 8
8205fdda-4186-45f4-9856-76c5460d46cf,스타벅스 논현2호점,스타벅스,인천시 구로구 37길 27
9b9e4000-27e9-4295-8972-de4d0803aaee,커피빈 건대7호점,커피빈,안양시 마포구 20길 8
fb14b3d8-6d5f-4d98-8db5-2fd8001ee699,스타벅스 옥수7호점,스타벅스,울산시 서대문구 16길 7
60e093d6-3455-4d92-89a8-f5d4a7890aa8,투썸 반포10호점,투썸,평택시 동대문구 40길 39
13e8d8b6-078a-47eb-9db4-3006fec129ca,이디야 번제3호점,이디야,제주시 광진구 30길 38
c448472e-c43e-44b8-a3f8-659f1d6ff2e2,커피빈 화양7호점,커피빈,서울시 도봉구 5길 15
cc0d86b0-eef2-4951-9889-ca4179cf7102,커피빈 수유1호점,커피빈,양산시 광진구 16길 43
75c813eb-35c7-4799-b6ca-7d1183458cad,투썸 천호6호점,투썸,평택시 중구 42길 11
7232da1a-e4d9-4a75-9108-c8e3ba347ad4,투썸 노량진7호점,투썸,제주시 영등포구 22길 34
a920ac30-b119-4237-8e7d-50997f7bef81,커피빈 건대2호점,커피빈,수원시 동작구 28길 41
dcb56240-105e-468b-84f6-fc731fec5717,스타벅스 역삼10호점,스타벅스,포항시 동대문구 26길 9
6a156eb8-2c18-48e9-99fd-77c732f9fa5c,투썸 노량진3호점,투썸,고양시 강서구 4길 16
fd6b7b9c-6e46-4efc-82ca-7e9416ff7b85,스타벅스 고덕9호점,스타벅스,청주시 금천구 10길 13
b0973992-8684-4fa1-80a5-ac9d3164766f,투썸 송천3호점,투썸,파주시 송파구 5길 3
aa7f14f8-0542-4e25-9570-b8f9f6d7d9c0,커피빈 암사2호점,커피빈,대구시 서대문구 32길 47
6933eb4a-a3d6-43a6-9fb2-7f816c24cfd6,투썸 마천1호점,투썸,창원시 마포구 8길 50
52bfc181-912a-4321-a06a-c14b338a6a1d,커피빈 화양7호점,커피빈,시흥시 양천구 3길 49
3bc411ff-4cd6-4f8c-9c91-64a52fbd42f8,투썸 잠실9호점,투썸,제주시 동작구 22길 45
44356411-4bc6-40ec-8498-4aafbddf0c18,커피빈 화양4호점,커피빈,시흥시 용산구 26길 26
5ae659d5-02d9-4841-bd44-23039d2b9741,커피빈 둔촌10호점,커피빈,용인시 양천구 19길 46
a79232de-11d6-4214-9c01-8aee90d30960,이디야 광장8호점,이디야,시흥시 성북구 26길 28
d865514f-bd97-41ed-baa7-74920a721602,스타벅스 길동1호점,스타벅스,광주시 송파구 20길 27
499e23af-a7ed-4f39-84fa-7bb0721d67c1,투썸 왕십리8호점,투썸,양산시 성북구 28길 7
29cc8d3e-deee-4329-9024-fe5a61cfcfbf,이디야 대치2호점,이디야,안양시 서대문구 32길 42
029f9ddd-f774-4c48-aefd-d9fdd91618ec,커피빈 광장5호점,커피빈,평택시 종로구 5길 26
84ff9ad9-bf3b-4a64-89cb-d1ff01e24976,투썸 능동9호점,투썸,김해시 은평구 31길 27
cf56a53e-a9aa-402c-9f7f-81cf0362397d,스타벅스 내곡8호점,스타벅스,부천시 광진구 27길 22
b7ec79fd-e671-4c39-8142-acb536ffdc13,투썸 중곡8호점,투썸,창원시 서초구 12길 17
688c0e64-3206-4e14-8afa-2c0fc3d2837d,이디야 문정5호점,이디야,고양시 강서구 3길 34
a707d4ad-42a3-497d-a3a2-febb6995ca00,커피빈 구의3호점,커피빈,대구시 영등포구 21길 32
5aa45ab5-1834-4987-968a-224521b3e98c,커피빈 용답8호점,커피빈,창원시 서초구 17길 23
97a43df7-e1e6-4bbf-b2ee-df47124a3e58,커피빈 성내2호점,커피빈,김포시 도봉구 49길 10
07f3879b-6696-4bf2-bd6b-50402985abb5,커피빈 삼양9호점,커피빈,안산시 종로구 13길 44
2526de24-edc9-403e-83be-f0e225f3d280,커피빈 금호6호점,커피빈,포항시 서초구 47길 33
bda5fa11-6306-4bea-898f-d94938f0ca3e,커피빈 건대2호점,커피빈,원주시 중구 43길 22
6f480325-14b3-4657-a091-654b325a1f89,스타벅스 삼양6호점,스타벅스,고양시 동대문구 21길 45
0e43302e-1c28-4220-bb70-b73b8f7df902,커피빈 노량진3호점,커피빈,시흥시 양천구 31길 9
1f5c5651-cd07-458a-bbad-f76e16b607fd,스타벅스 송천6호점,스타벅스,의정부시 중구 24길 13
b4c79215-3d47-4007-8d93-3da8d541ea6e,커피빈 중곡5호점,커피빈,평택시 양천구 11길 18
66dd4709-9291-4097-a63c-b351a4ca48e2,스타벅스 오륜10호점,스타벅스,대전시 광진구 15길 44
35d9c8e0-c676-4fe6-a3e0-88dca4f04d37,이디야 천호7호점,이디야,대구시 성북구 6길 23
aee57a49-e725-467b-aa60-427a556fbdfc,투썸 옥수6호점,투썸,부천시 송파구 13길 47
0a37b74c-6b11-448f-90b6-c7b1be972ef2,스타벅스 광장4호점,스타벅스,시흥시 마포구 13길 3
fe0e361f-49fe-4077-bc7d-443512edb51a,커피빈 문정10호점,커피빈,부산시 동대문구 38길 6
988c6261-a8ef-4d4f-8037-11596b29a1d5,스타벅스 잠원1호점,스타벅스,제주시 관악구 26길 15
b564d9da-14a0-42c1-b4ad-b415858621e5,이디야 광장2호점,이디야,안산시 영등포구 14길 2
6107d513-bb63-4143-8d46-2b73ce48aeb0,스타벅스 방이8호점,스타벅스,대전시 도봉구 38길 13
a0f3ca73-c8d5-43af-8911-03cf0ed571f1,투썸 구로9호점,투썸,광주시 중랑구 2길 35
276fce0f-fda2-432a-afee-f6b6f86af665,스타벅스 삼각산3호점,스타벅스,서울시 구로구 32길 24
0927c6e9-7ec9-4f44-9021-487a7ef30048,커피빈 광장10호점,커피빈,제주시 중랑구 3길 1
7b37b27d-8fcc-4c6d-996f-486a236f4cf1,투썸 군자10호점,투썸,용인시 성동구 45길 25
02227695-6e3e-460c-9220-194f4f98298c,커피빈 방이2호점,커피빈,의정부시 동작구 31길 32
a1665746-d8f5-4067-b8e5-e6571d48309f,커피빈 행당6호점,커피빈,성남시 구로구 7길 14
f00fd36e-8515-491e-ab5b-00c4944661ac,투썸 방이8호점,투썸,구미시 강남구 18길 5
ca457910-16d6-4a7f-9bec-20362e85fcde,커피빈 미아8호점,커피빈,파주시 광진구 49길 22
f00915f4-01ff-4d6d-9f7f-eb208121671d,스타벅스 번제8호점,스타벅스,평택시 구로구 45길 3
37d80b5a-e529-4863-a42a-d5c3321e2963,스타벅스 신사4호점,스타벅스,대전시 은평구 33길 12
f20198b6-94fe-402e-a5cc-f4a739b6d801,커피빈 방이4호점,커피빈,천안시 중랑구 35길 30
21e3c08e-19fa-4b74-843f-99a94b2e8a87,이디야 성내2호점,이디야,광주시 강서구 27길 40
b9edfc1b-ea0c-4b5d-aaf4-c413036b6c9f,커피빈 고척5호점,커피빈,시흥시 강동구 12길 28
f1686dcc-884e-463d-bd0f-d143121a80d0,커피빈 역삼3호점,커피빈,김포시 용산구 46길 28
f576bca8-b8c5-4a66-81f0-a278ba4556f0,커피빈 화양1호점,커피빈,창원시 영등포구 45길 9
54421c6c-80b5-484e-bd7f-09ad9b19ff26,스타벅스 둔촌2호점,스타벅스,원주시 성북구 48길 48
314aa1dc-6155-4bc4-b0da-e0e5e4159e2b,이디야 가락3호점,이디야,구미시 도봉구 21길 50
4de0f29b-8380-43bc-a3ca-e2bb99c97b59,이디야 사당5호점,이디야,화성시 성북구 25길 48
33f1f913-0615-42ac-b5d3-6ca639c0b8fb,이디야 내곡7호점,이디야,광주시 중구 8길 35
de8d52a6-279d-45f5-92b7-b751cb853892,커피빈 천호1호점,커피빈,대구시 중랑구 38길 41
372825d4-95b7-49a1-9a2f-35a96f137b7e,이디야 고덕7호점,이디야,부천시 성동구 23길 38
83a24e4b-f637-4c02-8f8c-0712084d78e8,투썸 반포2호점,투썸,김해시 관악구 42길 12
a19db74c-9b44-4e87-a571-34bfcac6eb28,투썸 번제10호점,투썸,구미시 도봉구 35길 41
6a55a110-3134-4168-ba30-89d2d4f8fab0,스타벅스 왕십리7호점,스타벅스,제주시 용산구 35길 15
dbc79db0-d312-45d6-b0fd-94ed2f5b8039,커피빈 삼각산6호점,커피빈,구미시 마포구 20길 6
64e9ae81-a11c-4765-b247-992e72d230e7,이디야 오륜6호점,이디야,인천시 노원구 48길 2
5da507e6-f240-4225-af93-11980cb58f25,투썸 삼양10호점,투썸,부산시 서초구 28길 25
aeb98357-370a-457b-9754-b396c7a64e48,투썸 옥수1호점,투썸,천안시 영등포구 8길 20
2c86346e-587d-41c8-ba5d-d371deb388a2,투썸 강일10호점,투썸,창원시 도봉구 32길 10
fcc2423b-0004-4f9f-8008-0ebb5d34d74a,스타벅스 잠원5호점,스타벅스,고양시 성북구 8길 38
6d6cc683-9c2d-4437-a955-18375ee693db,커피빈 역삼4호점,커피빈,대전시 서초구 13길 43
4c101fc8-5a5b-481e-bc00-a1ca318cf036,커피빈 오륜10호점,커피빈,구미시 중랑구 25길 50
760f5283-376c-4c23-a50a-f2c96f7bf3d0,이디야 옥수1호점,이디야,안산시 양천구 26길 32
adcdf90d-b343-4103-8a4b-9f1bd2b8ed95,스타벅스 오륜6호점,스타벅스,안산시 송파구 30길 2
442746f4-9a0d-4f05-9041-707a833f38b1,스타벅스 오금4호점,스타벅스,부산시 서초구 44길 13
ec44a2cc-4690-4266-8963-b3c836587073,스타벅스 수유5호점,스타벅스,광주시 동대문구 46길 29
c2f6c1f8-5dfe-4024-8a9a-8fc0fd52a9a0,스타벅스 구로3호점,스타벅스,평택시 성동구 45길 45
289d56d6-e99b-4479-ae79-9df64691b6a7,커피빈 수유1호점,커피빈,안양시 동작구 6길 29
63ba8da8-a93e-4fbb-864a-3e12d3fcd36a,이디야 잠원1호점,이디야,안양시 서초구 2길 18
c96577a3-ae3a-46c7-a63b-b6116242f392,투썸 대방4호점,투썸,수원시 중랑구 20길 49
3facf715-27cb-45ff-85d0-6612586d3ba8,스타벅스 삼각산3호점,스타벅스,광주시 도봉구 1길 22
89d3e1ee-3f25-4de5-a647-832f955b9832,스타벅스 고척1호점,스타벅스,천안시 강남구 17길 49
ef45225f-f365-4709-8579-c7d9cd48ea17,이디야 가락10호점,이디야,서울시 성북구 45길 9
2ef9e36a-a9ce-461a-8bc2-0923fdecc11a,투썸 성내7호점,투썸,청주시 중구 45길 8
d4fa68af-60e5-4a2a-894c-a96f33bbf4c7,이디야 중곡4호점,이디야,남양주시 은평구 46길 11
fcbe3ddc-9733-4895-ae6c-0619f55b4be6,이디야 송중9호점,이디야,울산시 강남구 50길 49
64add688-be6b-48ef-a31d-ca222782fadc,스타벅스 길동7호점,스타벅스,대구시 도봉구 19길 28
6d268a15-1a4b-4a77-b60f-b993b80e780a,이디야 오륜8호점,이디야,서울시 동작구 35길 43
892eee35-fd59-4411-92d1-4483ba9ceaf3,커피빈 문정4호점,커피빈,대전시 중랑구 20길 40
989029a8-111e-4a64-9850-8aea3d01f126,투썸 군자3호점,투썸,평택시 서대문구 9길 39
1bca6cf4-79f4-464c-95e5-4c5d5b8d9205,투썸 옥수6호점,투썸,청주시 마포구 3길 31
a4a6fd7b-c691-4b46-a9ec-d4b4811358b7,이디야 행당2호점,이디야,부산시 서초구 41길 27
7dc9b02e-e73d-41e0-adc1-0217d3fd375f,이디야 용답6호점,이디야,인천시 성북구 35길 48
22d70bf5-0b8f-4e66-ab37-139a0da2ff6e,커피빈 역삼2호점,커피빈,고양시 양천구 16길 43
84b5c8d9-b2a9-45e4-875a-3ab12c830303,이디야 양재3호점,이디야,화성시 서초구 13길 28
e174bde5-ed7f-438d-81dd-a5ca711176eb,이디야 이대3호점,이디야,광주시 금천구 47길 50
a456f759-ce20-489a-b08a-33e6641ad417,투썸 잠실6호점,투썸,파주시 관악구 44길 12
816a2819-7f3b-4d7b-a6c0-8651eca9ee9d,이디야 암사10호점,이디야,안양시 마포구 7길 34
c8cfd83f-ed88-4fce-a885-2fdd3145ad20,이디야 방배5호점,이디야,대구시 서대문구 2길 44
8d44efef-f358-48aa-9823-b8f279c44f41,투썸 송중10호점,투썸,포항시 용산구 1길 12
fd88ca7c-d9f7-4122-a984-f5a133d93b68,이디야 대방6호점,이디야,인천시 송파구 5길 28
5026875f-6977-410a-a81d-0bf59d67360e,투썸 번제8호점,투썸,수원시 용산구 47길 5
96f0523d-305a-447b-839c-0c7347809432,스타벅스 사당7호점,스타벅스,성남시 중랑구 27길 36
3122de8d-bc7c-44af-bf20-d7c4a8a90d86,스타벅스 삼양9호점,스타벅스,천안시 중랑구 20길 48
98ef387f-4fca-4eb7-84c0-d179e038a421,커피빈 역삼1호점,커피빈,부산시 성동구 4길 20
bd069828-92e2-4f99-9ba3-b81f138be45d,투썸 길동4호점,투썸,제주시 강남구 2길 32
905c538c-ae7d-4132-91bf-7f5be61c1082,스타벅스 오륜7호점,스타벅스,전주시 중랑구 43길 18
ef75e8b6-bd06-4392-ab81-d3512edc2e29,스타벅스 용답1호점,스타벅스,성남시 영등포구 16길 49
53811236-1558-42fd-9a95-d157cacf2a8f,커피빈 대방1호점,커피빈,수원시 중랑구 41길 7
071066fd-cc54-468c-9a11-44d9ea38fa1d,이디야 반포6호점,이디야,김포시 강서구 4길 38
8d81b00d-57eb-43a0-9816-38f21fb8ffab,투썸 역삼9호점,투썸,천안시 서대문구 17길 27
d2c18282-b926-458c-a07b-1b7b5879a406,투썸 삼양1호점,투썸,수원시 동작구 15길 18
c4c6fc37-6cc5-48c4-97e0-ab12e4b2bac4,스타벅스 노량진8호점,스타벅스,부천시 송파구 21길 50
64af196f-fd91-4acb-9c44-cc341b8edf2c,이디야 둔촌9호점,이디야,광주시 은평구 4길 14
bb564f75-b9e5-43e6-abfc-cb27cbdafb09,스타벅스 행당9호점,스타벅스,전주시 용산구 35길 14
dfc6b6c5-de03-481a-82ca-7ea60d49013a,이디야 천호2호점,이디야,청주시 중구 39길 37
6c169cb1-6426-4911-86fc-763a16c612f3,커피빈 압구정5호점,커피빈,수원시 서초구 50길 13
24fae664-13c3-4197-a79b-5a04e141e719,커피빈 노량진5호점,커피빈,대구시 종로구 28길 12
ed64f8d2-b9c1-4821-b992-1e7422bcd8d7,투썸 고덕7호점,투썸,인천시 마포구 5길 28
fa7e9ecb-b72e-4121-abe8-9b79141356d5,스타벅스 군자10호점,스타벅스,부천시 강서구 4길 38
ac540998-1991-4980-a457-a6ed2111b928,이디야 송중5호점,이디야,제주시 중구 2길 42
6dc4ad2e-6c3f-47bd-8f97-0811de865a88,이디야 고덕6호점,이디야,김해시 중랑구 11길 46
aa0c7121-6d02-4bfb-b52d-aec2cadb3b6c,스타벅스 군자4호점,스타벅스,용인시 마포구 50길 46
c5a76992-e4ac-42db-982b-18ceed2cf68b,스타벅스 양재4호점,스타벅스,화성시 강서구 44길 14
6216d94c-00e5-409f-94d4-324ef7b7f25a,투썸 잠실1호점,투썸,천안시 영등포구 44길 46
809d494b-5d20-445a-8991-3b783c1d69c1,커피빈 삼각산7호점,커피빈,김포시 강북구 39길 42
74cf2848-31e5-4011-9d92-6735c6c378ad,이디야 마천2호점,이디야,용인시 강남구 50길 14
83d22f2e-d489-4d67-a490-f06b70e5c0d3,이디야 둔촌9호점,이디야,대구시 서대문구 40길 19
